RunNumber,BeamEnergy,MaterialThickness,MaxRecordNumber,Threshhold,GearFile
5261,2,0,100000,7,gear_initial.xml
5262,3,0,100000,7,gear_initial.xml
5263,5,0,3000,7,gear_initial.xml
5264,4,0,100000,7,gear_initial.xml
5265,2,1,100000,7,gear_initial.xml
5266,1,1,100000,7,gear_initial.xml
5267,4,1,100000,7,gear_initial.xml
5268,1,2,100000,7,gear_initial.xml
5269,2,2,100000,7,gear_initial.xml
5270,4,2,100000,7,gear_initial.xml
5271,1,4,100000,7,gear_initial.xml
5272,2,4,100000,7,gear_initial.xml
5273,4,4,100000,7,gear_initial.xml
5274,1,8,100000,7,gear_initial.xml
5275,2,8,100000,7,gear_initial.xml
5276,4,8,100000,7,gear_initial.xml
5277,1,0,100000,7,gear_initial.xml
5562,1,0,100000,7,gear_equally_spaced.xml
5563,2,0,100000,7,gear_equally_spaced.xml
5564,3,0,100000,7,gear_equally_spaced.xml
5565,4,0,100000,7,gear_equally_spaced.xml
5566,5,0,100000,7,gear_equally_spaced.xml
5567,1,1,100000,7,gear_equally_spaced.xml
5568,2,1,100000,7,gear_equally_spaced.xml
5569,3,1,100000,7,gear_equally_spaced.xml
5570,4,1,100000,7,gear_equally_spaced.xml
5571,5,1,100000,7,gear_equally_spaced.xml
5573,1,2,100000,7,gear_equally_spaced.xml
5574,2,2,100000,7,gear_equally_spaced.xml
5575,3,2,100000,7,gear_equally_spaced.xml
5576,4,2,100000,7,gear_equally_spaced.xml
5577,5,2,100000,7,gear_equally_spaced.xml
5578,1,4,100000,7,gear_equally_spaced.xml
5579,2,4,100000,7,gear_equally_spaced.xml
5580,3,4,100000,7,gear_equally_spaced.xml
5581,4,4,100000,7,gear_equally_spaced.xml
5582,5,4,100000,7,gear_equally_spaced.xml
5584,1,8,100000,7,gear_equally_spaced.xml
5585,2,8,100000,7,gear_equally_spaced.xml
5586,3,8,100000,7,gear_equally_spaced.xml
5587,3,8,100000,7,gear_equally_spaced.xml
5588,4,8,100000,7,gear_equally_spaced.xml
5589,5,8,100000,7,gear_equally_spaced.xml
5590,5,8,100000,7,gear_equally_spaced.xml
5593,1,0,100000,7,gear_large_distance.xml
5594,2,0,100000,7,gear_large_distance.xml
5595,3,0,100000,7,gear_large_distance.xml
5596,4,0,100000,7,gear_large_distance.xml
5597,5,0,100000,7,gear_large_distance.xml
5598,1,1,100000,7,gear_large_distance.xml
5599,2,1,100000,7,gear_large_distance.xml
5600,3,1,100000,7,gear_large_distance.xml
5602,4,1,100000,7,gear_large_distance.xml
5603,5,1,100000,7,gear_large_distance.xml
5604,1,2,100000,7,gear_large_distance.xml
5605,2,2,100000,7,gear_large_distance.xml
5606,3,2,100000,7,gear_large_distance.xml
5607,4,2,100000,7,gear_large_distance.xml
5608,5,2,100000,7,gear_large_distance.xml
5609,1,4,100000,7,gear_large_distance.xml
5610,1,4,100000,7,gear_large_distance.xml
5611,2,4,100000,7,gear_large_distance.xml
5612,3,4,100000,7,gear_large_distance.xml
5613,4,4,100000,7,gear_large_distance.xml
5614,5,4,100000,7,gear_large_distance.xml
5619,5,4,100000,7,gear_large_distance.xml
5620,1,8,100000,7,gear_large_distance.xml
5621,2,8,100000,7,gear_large_distance.xml
5622,3,8,100000,7,gear_large_distance.xml
5623,4,8,100000,7,gear_large_distance.xml
5624,5,8,100000,7,gear_large_distance.xml
8872,5,0,100000,6,gear_close_together.xml
8876,1,9 hole aluminium,1000000,6,gear_close_together.xml
8877,2,9 hole aluminium,1200000,6,gear_close_together.xml
8878,3,9 hole aluminium,1200000,6,gear_close_together.xml
8879,4,9 hole aluminium,1000000,6,gear_close_together.xml
8880,1,9 hole aluminium,1000000,6,gear_close_together.xml
8881,5,9 hole aluminium,1000000,6,gear_close_together.xml
8882,5,9 hole aluminium,1000000,6,gear_close_together.xml
8883,5,9 hole aluminium,1000000,6,gear_close_together.xml
8884,1.2,9 hole aluminium,1000000,6,gear_close_together.xml
8885,1.4,9 hole aluminium,1000000,6,gear_close_together.xml
8886,1.6,9 hole aluminium,1000000,6,gear_close_together.xml
8887,1.8,9 hole aluminium,1000000,6,gear_close_together.xml
8888,2.2,9 hole aluminium,1200000,6,gear_close_together.xml
8889,2.4,9 hole aluminium,1700000,6,gear_close_together.xml
8890,2.6,9 hole aluminium,1200000,6,gear_close_together.xml
8891,2.8,9 hole aluminium,1400000,6,gear_close_together.xml
8892,3.2,9 hole aluminium,1000000,6,gear_close_together.xml
8893,3.4,9 hole aluminium,1000000,6,gear_close_together.xml
8894,3.6,9 hole aluminium,1000000,6,gear_close_together.xml
8895,3.8,9 hole aluminium,1200000,6,gear_close_together.xml
8896,4.2,9 hole aluminium,1000000,6,gear_close_together.xml
8897,4.4,9 hole aluminium,1900000,6,gear_close_together.xml
8898,4.6,9 hole aluminium,1000000,6,gear_close_together.xml
8899,4.8,9 hole aluminium,1000000,6,gear_close_together.xml
8900,2,watch,1000000,6,gear_close_together.xml
8901,2,watch,1000000,6,gear_close_together.xml
8902,5,Wafer 904 6DA00 021 Poly R 882-11 305 Top LEFT,100000,6,gear_close_together.xml
8903,1,Wafer 904 6DA00 021 Poly R 882-11 305 Top LEFT,1000000,6,gear_close_together.xml
8904,4,Wafer 904 6DA00 021 Poly R 882-11 305 Top LEFT,1000000,6,gear_close_together.xml
8905,4,Wafer 904 6DA00 021 Poly R 882-11 305 Top LEFT,1000000,6,gear_close_together.xml
8906,4,Wafer 904 6DA00 021 Poly R 882-11 305 Top LEFT,1000000,6,gear_close_together.xml
8907,4,Wafer 904 6DA00 021 Poly R 882-11 305 Top LEFT,1000000,6,gear_close_together.xml
8908,3,PTFE Black Tape,1000000,6,gear_close_together.xml
8909,3,PTFE Black Tape and Chip,1000000,6,gear_close_together.xml
8910,3,PTFE Black Tape and Chip (no collimator),100000,6,gear_close_together.xml
8911,3,PTFE Black Tape and Chip (no collimator),100000,6,gear_close_together.xml
8912,3,PTFE Black Tape and Chip (no collimator),100000,6,gear_close_together.xml
8913,3,PTFE Black Tape and Chip (no collimator),100000,6,gear_close_together.xml
8917,3,PTFE Black Tape and Chip (no collimator),100000,6,gear_close_together.xml
8918,3,PTFE Black Tape and Chip (no collimator),100000,6,gear_close_together.xml
8919,3,PTFE Black Tape and Chip (no collimator),100000,6,gear_close_together.xml
1,5,0,1000000,6,gear_weekend.xml
2,3,Wafer 904 6DA00 021 Poly R 882-11 305 Top LEFT,750000,6,gear_weekend.xml
3,3,Wafer 904 6DA00 021 Poly R 882-11 305 Top LEFT,750000,6,gear_weekend.xml
4,3,Wafer 904 6DA00 021 Poly R 882-11 305 Top LEFT,750000,6,gear_weekend.xml
5,3,Wafer 904 6DA00 021 Poly R 882-11 305 Top LEFT,750000,6,gear_weekend.xml
6,3,Wafer 904 6DA00 021 Poly R 882-11 305 Top LEFT,750000,6,gear_weekend.xml
7,3,Wafer 904 6DA00 021 Poly R 882-11 305 Top LEFT,750000,6,gear_weekend.xml
8,3,Wafer 904 6DA00 021 Poly R 882-11 305 Top LEFT,750000,6,gear_weekend.xml
9,3,Wafer 904 6DA00 021 Poly R 882-11 305 Top LEFT,750000,6,gear_weekend.xml
10,3,Wafer 904 6DA00 021 Poly R 882-11 305 Top LEFT,750000,6,gear_weekend.xml
11,3,Wafer 904 6DA00 021 Poly R 882-11 305 Top LEFT,750000,6,gear_weekend.xml
12,3,Wafer 904 6DA00 021 Poly R 882-11 305 Top LEFT,750000,6,gear_weekend.xml
13,3,Wafer 904 6DA00 021 Poly R 882-11 305 Top LEFT,750000,6,gear_weekend.xml
14,3,Wafer 904 6DA00 021 Poly R 882-11 305 Top LEFT,750000,6,gear_weekend.xml
15,3,Wafer 904 6DA00 021 Poly R 882-11 305 Top LEFT,750000,6,gear_weekend.xml
16,3,Wafer 904 6DA00 021 Poly R 882-11 305 Top LEFT,750000,6,gear_weekend.xml
17,3,Wafer 904 6DA00 021 Poly R 882-11 305 Top LEFT,750000,6,gear_weekend.xml
18,3,Wafer 904 6DA00 021 Poly R 882-11 305 Top LEFT,750000,6,gear_weekend.xml
19,3,Wafer 904 6DA00 021 Poly R 882-11 305 Top LEFT,750000,6,gear_weekend.xml
20,3,Wafer 904 6DA00 021 Poly R 882-11 305 Top LEFT,750000,6,gear_weekend.xml
21,3,Wafer 904 6DA00 021 Poly R 882-11 305 Top LEFT,750000,6,gear_weekend.xml
22,3,Wafer 904 6DA00 021 Poly R 882-11 305 Top LEFT,750000,6,gear_weekend.xml
23,3,Wafer 904 6DA00 021 Poly R 882-11 305 Top LEFT,200000,6,gear_weekend.xml
24,3,Wafer 904 6DA00 021 Poly R 882-11 305 Top LEFT,750000,6,gear_weekend.xml
25,3,Wafer 904 6DA00 021 Poly R 882-11 305 Top LEFT,750000,6,gear_weekend.xml
26,3,Wafer 904 6DA00 021 Poly R 882-11 305 Top LEFT,750000,6,gear_weekend.xml
27,3,Wafer 904 6DA00 021 Poly R 882-11 305 Top LEFT,750000,6,gear_weekend.xml
28,3,Wafer 904 6DA00 021 Poly R 882-11 305 Top LEFT,750000,6,gear_weekend.xml
29,3,Wafer 904 6DA00 021 Poly R 882-11 305 Top LEFT,750000,6,gear_weekend.xml
30,3,Wafer 904 6DA00 021 Poly R 882-11 305 Top LEFT,750000,6,gear_weekend.xml
31,3,Wafer 904 6DA00 021 Poly R 882-11 305 Top LEFT,750000,6,gear_weekend.xml
32,3,Wafer 904 6DA00 021 Poly R 882-11 305 Top LEFT,750000,6,gear_weekend.xml
33,3,Wafer 904 6DA00 021 Poly R 882-11 305 Top LEFT,750000,6,gear_weekend.xml
34,3,Wafer 904 6DA00 021 Poly R 882-11 305 Top LEFT,750000,6,gear_weekend.xml
35,3,Wafer 904 6DA00 021 Poly R 882-11 305 Top LEFT,750000,6,gear_weekend.xml
36,3,Wafer 904 6DA00 021 Poly R 882-11 305 Top LEFT,750000,6,gear_weekend.xml
37,3,Wafer 904 6DA00 021 Poly R 882-11 305 Top LEFT,750000,6,gear_weekend.xml
38,3,Wafer 904 6DA00 021 Poly R 882-11 305 Top LEFT,750000,6,gear_weekend.xml
39,3,Wafer 904 6DA00 021 Poly R 882-11 305 Top LEFT,750000,6,gear_weekend.xml
40,3,Wafer 904 6DA00 021 Poly R 882-11 305 Top LEFT,750000,6,gear_weekend.xml
41,3,Wafer 904 6DA00 021 Poly R 882-11 305 Top LEFT,750000,6,gear_weekend.xml
42,3,Wafer 904 6DA00 021 Poly R 882-11 305 Top LEFT,750000,6,gear_weekend.xml
43,3,Wafer 904 6DA00 021 Poly R 882-11 305 Top LEFT,750000,6,gear_weekend.xml
44,3,Wafer 904 6DA00 021 Poly R 882-11 305 Top LEFT,750000,6,gear_weekend.xml
45,3,Wafer 904 6DA00 021 Poly R 882-11 305 Top LEFT,750000,6,gear_weekend.xml
46,3,Wafer 904 6DA00 021 Poly R 882-11 305 Top LEFT,750000,6,gear_weekend.xml
47,3,Wafer 904 6DA00 021 Poly R 882-11 305 Top LEFT,750000,6,gear_weekend.xml
48,3,Wafer 904 6DA00 021 Poly R 882-11 305 Top LEFT,750000,6,gear_weekend.xml
49,3,Wafer 904 6DA00 021 Poly R 882-11 305 Top LEFT,750000,6,gear_weekend.xml
50,3,Wafer 904 6DA00 021 Poly R 882-11 305 Top LEFT,750000,6,gear_weekend.xml
51,3,Wafer 904 6DA00 021 Poly R 882-11 305 Top LEFT,750000,6,gear_weekend.xml
52,3,Wafer 904 6DA00 021 Poly R 882-11 305 Top LEFT,750000,6,gear_weekend.xml
53,3,Wafer 904 6DA00 021 Poly R 882-11 305 Top LEFT,750000,6,gear_weekend.xml
54,3,Wafer 904 6DA00 021 Poly R 882-11 305 Top LEFT,750000,6,gear_weekend.xml
55,3,Wafer 904 6DA00 021 Poly R 882-11 305 Top LEFT,750000,6,gear_weekend.xml
56,3,Wafer 904 6DA00 021 Poly R 882-11 305 Top LEFT,750000,6,gear_weekend.xml
57,3,Wafer 904 6DA00 021 Poly R 882-11 305 Top LEFT,750000,6,gear_weekend.xml
58,3,Wafer 904 6DA00 021 Poly R 882-11 305 Top LEFT,750000,6,gear_weekend.xml
59,3,Wafer 904 6DA00 021 Poly R 882-11 305 Top LEFT,750000,6,gear_weekend.xml
60,3,Wafer 904 6DA00 021 Poly R 882-11 305 Top LEFT,750000,6,gear_weekend.xml
61,3,Wafer 904 6DA00 021 Poly R 882-11 305 Top LEFT,750000,6,gear_weekend.xml
62,3,Wafer 904 6DA00 021 Poly R 882-11 305 Top LEFT,750000,6,gear_weekend.xml
63,3,Wafer 904 6DA00 021 Poly R 882-11 305 Top LEFT,750000,6,gear_weekend.xml
64,3,Wafer 904 6DA00 021 Poly R 882-11 305 Top LEFT,750000,6,gear_weekend.xml
65,3,Wafer 904 6DA00 021 Poly R 882-11 305 Top LEFT,750000,6,gear_weekend.xml
66,3,Wafer 904 6DA00 021 Poly R 882-11 305 Top LEFT,750000,6,gear_weekend.xml
67,3,Wafer 904 6DA00 021 Poly R 882-11 305 Top LEFT,750000,6,gear_weekend.xml
68,3,Wafer 904 6DA00 021 Poly R 882-11 305 Top LEFT,750000,6,gear_weekend.xml
69,3,Wafer 904 6DA00 021 Poly R 882-11 305 Top LEFT,750000,6,gear_weekend.xml
70,3,Wafer 904 6DA00 021 Poly R 882-11 305 Top LEFT,750000,6,gear_weekend.xml
71,3,Wafer 904 6DA00 021 Poly R 882-11 305 Top LEFT,750000,6,gear_weekend.xml
72,3,Wafer 904 6DA00 021 Poly R 882-11 305 Top LEFT,750000,6,gear_weekend.xml
73,3,Wafer 904 6DA00 021 Poly R 882-11 305 Top LEFT,750000,6,gear_weekend.xml
74,3,Wafer 904 6DA00 021 Poly R 882-11 305 Top LEFT,750000,6,gear_weekend.xml
75,3,Wafer 904 6DA00 021 Poly R 882-11 305 Top LEFT,750000,6,gear_weekend.xml
76,3,Wafer 904 6DA00 021 Poly R 882-11 305 Top LEFT,750000,6,gear_weekend.xml
77,3,Wafer 904 6DA00 021 Poly R 882-11 305 Top LEFT,750000,6,gear_weekend.xml
78,3,Wafer 904 6DA00 021 Poly R 882-11 305 Top LEFT,750000,6,gear_weekend.xml
79,3,Wafer 904 6DA00 021 Poly R 882-11 305 Top LEFT,750000,6,gear_weekend.xml
80,3,Wafer 904 6DA00 021 Poly R 882-11 305 Top LEFT,750000,6,gear_weekend.xml
81,3,Wafer 904 6DA00 021 Poly R 882-11 305 Top LEFT,750000,6,gear_weekend.xml
82,3,Wafer 904 6DA00 021 Poly R 882-11 305 Top LEFT,750000,6,gear_weekend.xml
83,3,Wafer 904 6DA00 021 Poly R 882-11 305 Top LEFT,750000,6,gear_weekend.xml
84,3,Wafer 904 6DA00 021 Poly R 882-11 305 Top LEFT,750000,6,gear_weekend.xml
85,3,Wafer 904 6DA00 021 Poly R 882-11 305 Top LEFT,750000,6,gear_weekend.xml
86,3,Wafer 904 6DA00 021 Poly R 882-11 305 Top LEFT,750000,6,gear_weekend.xml
87,3,Wafer 904 6DA00 021 Poly R 882-11 305 Top LEFT,750000,6,gear_weekend.xml
88,3,Wafer 904 6DA00 021 Poly R 882-11 305 Top LEFT,750000,6,gear_weekend.xml
89,3,Wafer 904 6DA00 021 Poly R 882-11 305 Top LEFT,750000,6,gear_weekend.xml
90,3,Wafer 904 6DA00 021 Poly R 882-11 305 Top LEFT,750000,6,gear_weekend.xml
91,3,Wafer 904 6DA00 021 Poly R 882-11 305 Top LEFT,750000,6,gear_weekend.xml
92,3,Wafer 904 6DA00 021 Poly R 882-11 305 Top LEFT,750000,6,gear_weekend.xml
93,3,Wafer 904 6DA00 021 Poly R 882-11 305 Top LEFT,750000,6,gear_weekend.xml
94,3,Wafer 904 6DA00 021 Poly R 882-11 305 Top LEFT,750000,6,gear_weekend.xml
95,3,Wafer 904 6DA00 021 Poly R 882-11 305 Top LEFT,750000,6,gear_weekend.xml
96,3,Wafer 904 6DA00 021 Poly R 882-11 305 Top LEFT,750000,6,gear_weekend.xml
97,3,Wafer 904 6DA00 021 Poly R 882-11 305 Top LEFT,750000,6,gear_weekend.xml
98,3,Wafer 904 6DA00 021 Poly R 882-11 305 Top LEFT,750000,6,gear_weekend.xml
99,3,Wafer 904 6DA00 021 Poly R 882-11 305 Top LEFT,750000,6,gear_weekend.xml
100,3,Wafer 904 6DA00 021 Poly R 882-11 305 Top LEFT,750000,6,gear_weekend.xml
101,3,Wafer 904 6DA00 021 Poly R 882-11 305 Top LEFT,750000,6,gear_weekend.xml
102,3,Wafer 904 6DA00 021 Poly R 882-11 305 Top LEFT,750000,6,gear_weekend.xml
103,3,Wafer 904 6DA00 021 Poly R 882-11 305 Top LEFT,750000,6,gear_weekend.xml
104,3,Wafer 904 6DA00 021 Poly R 882-11 305 Top LEFT,750000,6,gear_weekend.xml
105,3,Wafer 904 6DA00 021 Poly R 882-11 305 Top LEFT,750000,6,gear_weekend.xml
106,3,Wafer 904 6DA00 021 Poly R 882-11 305 Top LEFT,750000,6,gear_weekend.xml
107,3,Wafer 904 6DA00 021 Poly R 882-11 305 Top LEFT,750000,6,gear_weekend.xml
108,3,Wafer 904 6DA00 021 Poly R 882-11 305 Top LEFT,750000,6,gear_weekend.xml
109,3,Wafer 904 6DA00 021 Poly R 882-11 305 Top LEFT,750000,6,gear_weekend.xml
110,3,Wafer 904 6DA00 021 Poly R 882-11 305 Top LEFT,750000,6,gear_weekend.xml
111,3,Wafer 904 6DA00 021 Poly R 882-11 305 Top LEFT,750000,6,gear_weekend.xml
112,3,Wafer 904 6DA00 021 Poly R 882-11 305 Top LEFT,750000,6,gear_weekend.xml
113,3,Wafer 904 6DA00 021 Poly R 882-11 305 Top LEFT,750000,6,gear_weekend.xml
114,3,Wafer 904 6DA00 021 Poly R 882-11 305 Top LEFT,750000,6,gear_weekend.xml
115,3,Wafer 904 6DA00 021 Poly R 882-11 305 Top LEFT,750000,6,gear_weekend.xml
116,3,Wafer 904 6DA00 021 Poly R 882-11 305 Top LEFT,750000,6,gear_weekend.xml
117,3,Wafer 904 6DA00 021 Poly R 882-11 305 Top LEFT,750000,6,gear_weekend.xml
118,3,Wafer 904 6DA00 021 Poly R 882-11 305 Top LEFT,750000,6,gear_weekend.xml
119,3,Wafer 904 6DA00 021 Poly R 882-11 305 Top LEFT,750000,6,gear_weekend.xml
120,3,Wafer 904 6DA00 021 Poly R 882-11 305 Top LEFT,750000,6,gear_weekend.xml
121,3,Wafer 904 6DA00 021 Poly R 882-11 305 Top LEFT,750000,6,gear_weekend.xml
122,3,Wafer 904 6DA00 021 Poly R 882-11 305 Top LEFT,750000,6,gear_weekend.xml
123,3,Wafer 904 6DA00 021 Poly R 882-11 305 Top LEFT,750000,6,gear_weekend.xml
124,3,Wafer 904 6DA00 021 Poly R 882-11 305 Top LEFT,750000,6,gear_weekend.xml
125,3,Wafer 904 6DA00 021 Poly R 882-11 305 Top LEFT,750000,6,gear_weekend.xml
126,3,Wafer 904 6DA00 021 Poly R 882-11 305 Top LEFT,750000,6,gear_weekend.xml
127,3,Wafer 904 6DA00 021 Poly R 882-11 305 Top LEFT,750000,6,gear_weekend.xml
128,3,Wafer 904 6DA00 021 Poly R 882-11 305 Top LEFT,750000,6,gear_weekend.xml
129,3,Wafer 904 6DA00 021 Poly R 882-11 305 Top LEFT,750000,6,gear_weekend.xml
130,3,Wafer 904 6DA00 021 Poly R 882-11 305 Top LEFT,750000,6,gear_weekend.xml
131,3,Wafer 904 6DA00 021 Poly R 882-11 305 Top LEFT,750000,6,gear_weekend.xml
132,3,Wafer 904 6DA00 021 Poly R 882-11 305 Top LEFT,750000,6,gear_weekend.xml
133,3,Wafer 904 6DA00 021 Poly R 882-11 305 Top LEFT,750000,6,gear_weekend.xml
134,3,Wafer 904 6DA00 021 Poly R 882-11 305 Top LEFT,750000,6,gear_weekend.xml
135,3,Wafer 904 6DA00 021 Poly R 882-11 305 Top LEFT,750000,6,gear_weekend.xml
136,3,Wafer 904 6DA00 021 Poly R 882-11 305 Top LEFT,750000,6,gear_weekend.xml
137,3,Wafer 904 6DA00 021 Poly R 882-11 305 Top LEFT,750000,6,gear_weekend.xml
138,3,Wafer 904 6DA00 021 Poly R 882-11 305 Top LEFT,750000,6,gear_weekend.xml
139,3,Wafer 904 6DA00 021 Poly R 882-11 305 Top LEFT,750000,6,gear_weekend.xml
140,3,Wafer 904 6DA00 021 Poly R 882-11 305 Top LEFT,750000,6,gear_weekend.xml
141,3,Wafer 904 6DA00 021 Poly R 882-11 305 Top LEFT,750000,6,gear_weekend.xml
142,3,Wafer 904 6DA00 021 Poly R 882-11 305 Top LEFT,750000,6,gear_weekend.xml
143,3,Wafer 904 6DA00 021 Poly R 882-11 305 Top LEFT,750000,6,gear_weekend.xml
144,3,Wafer 904 6DA00 021 Poly R 882-11 305 Top LEFT,750000,6,gear_weekend.xml
145,3,Wafer 904 6DA00 021 Poly R 882-11 305 Top LEFT,750000,6,gear_weekend.xml
146,3,Wafer 904 6DA00 021 Poly R 882-11 305 Top LEFT,750000,6,gear_weekend.xml
147,3,Wafer 904 6DA00 021 Poly R 882-11 305 Top LEFT,750000,6,gear_weekend.xml
148,3,Wafer 904 6DA00 021 Poly R 882-11 305 Top LEFT,750000,6,gear_weekend.xml
149,3,Wafer 904 6DA00 021 Poly R 882-11 305 Top LEFT,750000,6,gear_weekend.xml
150,3,Wafer 904 6DA00 021 Poly R 882-11 305 Top LEFT,750000,6,gear_weekend.xml
151,3,Wafer 904 6DA00 021 Poly R 882-11 305 Top LEFT,750000,6,gear_weekend.xml
152,3,Wafer 904 6DA00 021 Poly R 882-11 305 Top LEFT,750000,6,gear_weekend.xml
153,3,Wafer 904 6DA00 021 Poly R 882-11 305 Top LEFT,750000,6,gear_weekend.xml
154,3,Wafer 904 6DA00 021 Poly R 882-11 305 Top LEFT,750000,6,gear_weekend.xml
155,3,Wafer 904 6DA00 021 Poly R 882-11 305 Top LEFT,750000,6,gear_weekend.xml
156,3,Wafer 904 6DA00 021 Poly R 882-11 305 Top LEFT,750000,6,gear_weekend.xml
157,3,Wafer 904 6DA00 021 Poly R 882-11 305 Top LEFT,750000,6,gear_weekend.xml
158,3,Wafer 904 6DA00 021 Poly R 882-11 305 Top LEFT,750000,6,gear_weekend.xml
159,3,Wafer 904 6DA00 021 Poly R 882-11 305 Top LEFT,750000,6,gear_weekend.xml
160,3,Wafer 904 6DA00 021 Poly R 882-11 305 Top LEFT,750000,6,gear_weekend.xml
161,3,Wafer 904 6DA00 021 Poly R 882-11 305 Top LEFT,750000,6,gear_weekend.xml
162,3,Wafer 904 6DA00 021 Poly R 882-11 305 Top LEFT,750000,6,gear_weekend.xml
163,3,Wafer 904 6DA00 021 Poly R 882-11 305 Top LEFT,750000,6,gear_weekend.xml
164,3,Wafer 904 6DA00 021 Poly R 882-11 305 Top LEFT,750000,6,gear_weekend.xml
165,3,Wafer 904 6DA00 021 Poly R 882-11 305 Top LEFT,750000,6,gear_weekend.xml
166,3,Wafer 904 6DA00 021 Poly R 882-11 305 Top LEFT,750000,6,gear_weekend.xml
167,3,Wafer 904 6DA00 021 Poly R 882-11 305 Top LEFT,750000,6,gear_weekend.xml
168,3,Wafer 904 6DA00 021 Poly R 882-11 305 Top LEFT,750000,6,gear_weekend.xml
169,3,Wafer 904 6DA00 021 Poly R 882-11 305 Top LEFT,750000,6,gear_weekend.xml
170,3,Wafer 904 6DA00 021 Poly R 882-11 305 Top LEFT,750000,6,gear_weekend.xml
171,3,Wafer 904 6DA00 021 Poly R 882-11 305 Top LEFT,750000,6,gear_weekend.xml
172,3,Wafer 904 6DA00 021 Poly R 882-11 305 Top LEFT,750000,6,gear_weekend.xml
173,3,Wafer 904 6DA00 021 Poly R 882-11 305 Top LEFT,750000,6,gear_weekend.xml
174,3,Wafer 904 6DA00 021 Poly R 882-11 305 Top LEFT,750000,6,gear_weekend.xml
175,3,Wafer 904 6DA00 021 Poly R 882-11 305 Top LEFT,750000,6,gear_weekend.xml
176,3,Wafer 904 6DA00 021 Poly R 882-11 305 Top LEFT,750000,6,gear_weekend.xml
177,3,Wafer 904 6DA00 021 Poly R 882-11 305 Top LEFT,750000,6,gear_weekend.xml
178,3,Wafer 904 6DA00 021 Poly R 882-11 305 Top LEFT,750000,6,gear_weekend.xml
179,3,Wafer 904 6DA00 021 Poly R 882-11 305 Top LEFT,750000,6,gear_weekend.xml
180,3,Wafer 904 6DA00 021 Poly R 882-11 305 Top LEFT,750000,6,gear_weekend.xml
181,3,Wafer 904 6DA00 021 Poly R 882-11 305 Top LEFT,750000,6,gear_weekend.xml
182,3,Wafer 904 6DA00 021 Poly R 882-11 305 Top LEFT,750000,6,gear_weekend.xml
183,3,Wafer 904 6DA00 021 Poly R 882-11 305 Top LEFT,750000,6,gear_weekend.xml
184,3,Wafer 904 6DA00 021 Poly R 882-11 305 Top LEFT,750000,6,gear_weekend.xml
185,3,Wafer 904 6DA00 021 Poly R 882-11 305 Top LEFT,750000,6,gear_weekend.xml
186,3,Wafer 904 6DA00 021 Poly R 882-11 305 Top LEFT,750000,6,gear_weekend.xml
187,3,Wafer 904 6DA00 021 Poly R 882-11 305 Top LEFT,750000,6,gear_weekend.xml
188,3,Wafer 904 6DA00 021 Poly R 882-11 305 Top LEFT,750000,6,gear_weekend.xml
189,3,Wafer 904 6DA00 021 Poly R 882-11 305 Top LEFT,750000,6,gear_weekend.xml
190,3,Wafer 904 6DA00 021 Poly R 882-11 305 Top LEFT,750000,6,gear_weekend.xml
191,3,Wafer 904 6DA00 021 Poly R 882-11 305 Top LEFT,750000,6,gear_weekend.xml
192,3,Wafer 904 6DA00 021 Poly R 882-11 305 Top LEFT,750000,6,gear_weekend.xml
193,3,Wafer 904 6DA00 021 Poly R 882-11 305 Top LEFT,750000,6,gear_weekend.xml
194,3,Wafer 904 6DA00 021 Poly R 882-11 305 Top LEFT,750000,6,gear_weekend.xml
195,3,Wafer 904 6DA00 021 Poly R 882-11 305 Top LEFT,750000,6,gear_weekend.xml
196,3,Wafer 904 6DA00 021 Poly R 882-11 305 Top LEFT,750000,6,gear_weekend.xml
197,3,Wafer 904 6DA00 021 Poly R 882-11 305 Top LEFT,750000,6,gear_weekend.xml
198,3,Wafer 904 6DA00 021 Poly R 882-11 305 Top LEFT,750000,6,gear_weekend.xml
199,3,Wafer 904 6DA00 021 Poly R 882-11 305 Top LEFT,750000,6,gear_weekend.xml
200,3,Wafer 904 6DA00 021 Poly R 882-11 305 Top LEFT,750000,6,gear_weekend.xml
201,3,Wafer 904 6DA00 021 Poly R 882-11 305 Top LEFT,750000,6,gear_weekend.xml
202,3,Wafer 904 6DA00 021 Poly R 882-11 305 Top LEFT,750000,6,gear_weekend.xml
203,3,Wafer 904 6DA00 021 Poly R 882-11 305 Top LEFT,750000,6,gear_weekend.xml
204,3,Wafer 904 6DA00 021 Poly R 882-11 305 Top LEFT,750000,6,gear_weekend.xml
205,3,Wafer 904 6DA00 021 Poly R 882-11 305 Top LEFT,750000,6,gear_weekend.xml
206,3,Wafer 904 6DA00 021 Poly R 882-11 305 Top LEFT,750000,6,gear_weekend.xml
207,3,Wafer 904 6DA00 021 Poly R 882-11 305 Top LEFT,750000,6,gear_weekend.xml
208,3,Wafer 904 6DA00 021 Poly R 882-11 305 Top LEFT,750000,6,gear_weekend.xml
209,3,Wafer 904 6DA00 021 Poly R 882-11 305 Top LEFT,750000,6,gear_weekend.xml
210,3,Wafer 904 6DA00 021 Poly R 882-11 305 Top LEFT,750000,6,gear_weekend.xml
211,3,Wafer 904 6DA00 021 Poly R 882-11 305 Top LEFT,750000,6,gear_weekend.xml
212,3,Wafer 904 6DA00 021 Poly R 882-11 305 Top LEFT,750000,6,gear_weekend.xml
213,3,Wafer 904 6DA00 021 Poly R 882-11 305 Top LEFT,750000,6,gear_weekend.xml
214,3,Wafer 904 6DA00 021 Poly R 882-11 305 Top LEFT,750000,6,gear_weekend.xml
215,3,Wafer 904 6DA00 021 Poly R 882-11 305 Top LEFT,750000,6,gear_weekend.xml
216,3,Wafer 904 6DA00 021 Poly R 882-11 305 Top LEFT,750000,6,gear_weekend.xml
217,3,Wafer 904 6DA00 021 Poly R 882-11 305 Top LEFT,750000,6,gear_weekend.xml
218,3,Wafer 904 6DA00 021 Poly R 882-11 305 Top LEFT,750000,6,gear_weekend.xml
219,3,Wafer 904 6DA00 021 Poly R 882-11 305 Top LEFT,750000,6,gear_weekend.xml
220,3,Wafer 904 6DA00 021 Poly R 882-11 305 Top LEFT,750000,6,gear_weekend.xml
221,3,Wafer 904 6DA00 021 Poly R 882-11 305 Top LEFT,750000,6,gear_weekend.xml
222,3,Wafer 904 6DA00 021 Poly R 882-11 305 Top LEFT,750000,6,gear_weekend.xml
223,3,Wafer 904 6DA00 021 Poly R 882-11 305 Top LEFT,750000,6,gear_weekend.xml
224,3,Wafer 904 6DA00 021 Poly R 882-11 305 Top LEFT,750000,6,gear_weekend.xml
225,3,Wafer 904 6DA00 021 Poly R 882-11 305 Top LEFT,750000,6,gear_weekend.xml
226,3,Wafer 904 6DA00 021 Poly R 882-11 305 Top LEFT,750000,6,gear_weekend.xml
227,3,Wafer 904 6DA00 021 Poly R 882-11 305 Top LEFT,750000,6,gear_weekend.xml
228,3,Wafer 904 6DA00 021 Poly R 882-11 305 Top LEFT,750000,6,gear_weekend.xml
229,3,Wafer 904 6DA00 021 Poly R 882-11 305 Top LEFT,750000,6,gear_weekend.xml
230,3,Wafer 904 6DA00 021 Poly R 882-11 305 Top LEFT,750000,6,gear_weekend.xml
231,3,Wafer 904 6DA00 021 Poly R 882-11 305 Top LEFT,750000,6,gear_weekend.xml
232,3,Wafer 904 6DA00 021 Poly R 882-11 305 Top LEFT,750000,6,gear_weekend.xml
233,3,Wafer 904 6DA00 021 Poly R 882-11 305 Top LEFT,750000,6,gear_weekend.xml
234,3,Wafer 904 6DA00 021 Poly R 882-11 305 Top LEFT,750000,6,gear_weekend.xml
235,3,Wafer 904 6DA00 021 Poly R 882-11 305 Top LEFT,750000,6,gear_weekend.xml
236,3,Wafer 904 6DA00 021 Poly R 882-11 305 Top LEFT,750000,6,gear_weekend.xml
237,3,Wafer 904 6DA00 021 Poly R 882-11 305 Top LEFT,750000,6,gear_weekend.xml
238,3,Wafer 904 6DA00 021 Poly R 882-11 305 Top LEFT,750000,6,gear_weekend.xml
239,3,Wafer 904 6DA00 021 Poly R 882-11 305 Top LEFT,750000,6,gear_weekend.xml
240,3,Wafer 904 6DA00 021 Poly R 882-11 305 Top LEFT,750000,6,gear_weekend.xml
241,3,Wafer 904 6DA00 021 Poly R 882-11 305 Top LEFT,750000,6,gear_weekend.xml
242,3,Wafer 904 6DA00 021 Poly R 882-11 305 Top LEFT,750000,6,gear_weekend.xml
243,3,Wafer 904 6DA00 021 Poly R 882-11 305 Top LEFT,750000,6,gear_weekend.xml
244,3,Wafer 904 6DA00 021 Poly R 882-11 305 Top LEFT,750000,6,gear_weekend.xml
245,3,Wafer 904 6DA00 021 Poly R 882-11 305 Top LEFT,750000,6,gear_weekend.xml
246,3,Wafer 904 6DA00 021 Poly R 882-11 305 Top LEFT,750000,6,gear_weekend.xml
247,3,Wafer 904 6DA00 021 Poly R 882-11 305 Top LEFT,750000,6,gear_weekend.xml
248,3,Wafer 904 6DA00 021 Poly R 882-11 305 Top LEFT,750000,6,gear_weekend.xml
249,3,Wafer 904 6DA00 021 Poly R 882-11 305 Top LEFT,750000,6,gear_weekend.xml
250,3,Wafer 904 6DA00 021 Poly R 882-11 305 Top LEFT,750000,6,gear_weekend.xml
251,3,Wafer 904 6DA00 021 Poly R 882-11 305 Top LEFT,750000,6,gear_weekend.xml
252,3,Wafer 904 6DA00 021 Poly R 882-11 305 Top LEFT,750000,6,gear_weekend.xml
253,3,Wafer 904 6DA00 021 Poly R 882-11 305 Top LEFT,750000,6,gear_weekend.xml
254,3,Wafer 904 6DA00 021 Poly R 882-11 305 Top LEFT,750000,6,gear_weekend.xml
255,3,Wafer 904 6DA00 021 Poly R 882-11 305 Top LEFT,750000,6,gear_weekend.xml
256,3,Wafer 904 6DA00 021 Poly R 882-11 305 Top LEFT,750000,6,gear_weekend.xml
257,3,Wafer 904 6DA00 021 Poly R 882-11 305 Top LEFT,750000,6,gear_weekend.xml
258,3,Wafer 904 6DA00 021 Poly R 882-11 305 Top LEFT,750000,6,gear_weekend.xml
259,3,Wafer 904 6DA00 021 Poly R 882-11 305 Top LEFT,750000,6,gear_weekend.xml
260,3,Wafer 904 6DA00 021 Poly R 882-11 305 Top LEFT,750000,6,gear_weekend.xml
261,3,Wafer 904 6DA00 021 Poly R 882-11 305 Top LEFT,750000,6,gear_weekend.xml
262,3,Wafer 904 6DA00 021 Poly R 882-11 305 Top LEFT,750000,6,gear_weekend.xml
263,3,Wafer 904 6DA00 021 Poly R 882-11 305 Top LEFT,750000,6,gear_weekend.xml
264,3,Wafer 904 6DA00 021 Poly R 882-11 305 Top LEFT,750000,6,gear_weekend.xml
265,3,Wafer 904 6DA00 021 Poly R 882-11 305 Top LEFT,750000,6,gear_weekend.xml
266,3,Wafer 904 6DA00 021 Poly R 882-11 305 Top LEFT,750000,6,gear_weekend.xml
267,3,Wafer 904 6DA00 021 Poly R 882-11 305 Top LEFT,750000,6,gear_weekend.xml
268,3,Wafer 904 6DA00 021 Poly R 882-11 305 Top LEFT,750000,6,gear_weekend.xml
269,3,Wafer 904 6DA00 021 Poly R 882-11 305 Top LEFT,750000,6,gear_weekend.xml
270,3,Wafer 904 6DA00 021 Poly R 882-11 305 Top LEFT,750000,6,gear_weekend.xml
271,3,Wafer 904 6DA00 021 Poly R 882-11 305 Top LEFT,750000,6,gear_weekend.xml
272,3,Wafer 904 6DA00 021 Poly R 882-11 305 Top LEFT,750000,6,gear_weekend.xml
273,3,Wafer 904 6DA00 021 Poly R 882-11 305 Top LEFT,750000,6,gear_weekend.xml
274,3,Wafer 904 6DA00 021 Poly R 882-11 305 Top LEFT,750000,6,gear_weekend.xml
275,3,Wafer 904 6DA00 021 Poly R 882-11 305 Top LEFT,750000,6,gear_weekend.xml
276,3,Wafer 904 6DA00 021 Poly R 882-11 305 Top LEFT,750000,6,gear_weekend.xml
277,3,Wafer 904 6DA00 021 Poly R 882-11 305 Top LEFT,750000,6,gear_weekend.xml
278,3,Wafer 904 6DA00 021 Poly R 882-11 305 Top LEFT,750000,6,gear_weekend.xml
279,3,Wafer 904 6DA00 021 Poly R 882-11 305 Top LEFT,750000,6,gear_weekend.xml
280,3,Wafer 904 6DA00 021 Poly R 882-11 305 Top LEFT,750000,6,gear_weekend.xml
281,3,Wafer 904 6DA00 021 Poly R 882-11 305 Top LEFT,750000,6,gear_weekend.xml
282,3,Wafer 904 6DA00 021 Poly R 882-11 305 Top LEFT,750000,6,gear_weekend.xml
283,3,Wafer 904 6DA00 021 Poly R 882-11 305 Top LEFT,750000,6,gear_weekend.xml
284,3,Wafer 904 6DA00 021 Poly R 882-11 305 Top LEFT,750000,6,gear_weekend.xml
285,3,Wafer 904 6DA00 021 Poly R 882-11 305 Top LEFT,750000,6,gear_weekend.xml
286,3,Wafer 904 6DA00 021 Poly R 882-11 305 Top LEFT,750000,6,gear_weekend.xml
287,3,Wafer 904 6DA00 021 Poly R 882-11 305 Top LEFT,750000,6,gear_weekend.xml
288,3,Wafer 904 6DA00 021 Poly R 882-11 305 Top LEFT,750000,6,gear_weekend.xml
289,3,Wafer 904 6DA00 021 Poly R 882-11 305 Top LEFT,750000,6,gear_weekend.xml
290,3,Wafer 904 6DA00 021 Poly R 882-11 305 Top LEFT,750000,6,gear_weekend.xml
291,3,Wafer 904 6DA00 021 Poly R 882-11 305 Top LEFT,750000,6,gear_weekend.xml
292,3,Wafer 904 6DA00 021 Poly R 882-11 305 Top LEFT,750000,6,gear_weekend.xml
293,3,Wafer 904 6DA00 021 Poly R 882-11 305 Top LEFT,750000,6,gear_weekend.xml
294,3,Wafer 904 6DA00 021 Poly R 882-11 305 Top LEFT,750000,6,gear_weekend.xml
295,3,Wafer 904 6DA00 021 Poly R 882-11 305 Top LEFT,750000,6,gear_weekend.xml
296,3,Wafer 904 6DA00 021 Poly R 882-11 305 Top LEFT,750000,6,gear_weekend.xml
297,3,Wafer 904 6DA00 021 Poly R 882-11 305 Top LEFT,750000,6,gear_weekend.xml
298,3,Wafer 904 6DA00 021 Poly R 882-11 305 Top LEFT,750000,6,gear_weekend.xml
299,3,Wafer 904 6DA00 021 Poly R 882-11 305 Top LEFT,750000,6,gear_weekend.xml
300,3,Wafer 904 6DA00 021 Poly R 882-11 305 Top LEFT,750000,6,gear_weekend.xml
301,3,Wafer 904 6DA00 021 Poly R 882-11 305 Top LEFT,750000,6,gear_weekend.xml
302,3,Wafer 904 6DA00 021 Poly R 882-11 305 Top LEFT,750000,6,gear_weekend.xml
303,3,Wafer 904 6DA00 021 Poly R 882-11 305 Top LEFT,750000,6,gear_weekend.xml
304,3,Wafer 904 6DA00 021 Poly R 882-11 305 Top LEFT,750000,6,gear_weekend.xml
305,3,Wafer 904 6DA00 021 Poly R 882-11 305 Top LEFT,750000,6,gear_weekend.xml
306,3,Wafer 904 6DA00 021 Poly R 882-11 305 Top LEFT,750000,6,gear_weekend.xml
307,3,Wafer 904 6DA00 021 Poly R 882-11 305 Top LEFT,750000,6,gear_weekend.xml
308,3,Wafer 904 6DA00 021 Poly R 882-11 305 Top LEFT,750000,6,gear_weekend.xml
309,3,Wafer 904 6DA00 021 Poly R 882-11 305 Top LEFT,750000,6,gear_weekend.xml
310,3,Wafer 904 6DA00 021 Poly R 882-11 305 Top LEFT,750000,6,gear_weekend.xml
311,3,Wafer 904 6DA00 021 Poly R 882-11 305 Top LEFT,750000,6,gear_weekend.xml
312,3,Wafer 904 6DA00 021 Poly R 882-11 305 Top LEFT,750000,6,gear_weekend.xml
313,3,Wafer 904 6DA00 021 Poly R 882-11 305 Top LEFT,750000,6,gear_weekend.xml
314,3,Wafer 904 6DA00 021 Poly R 882-11 305 Top LEFT,750000,6,gear_weekend.xml
315,3,Wafer 904 6DA00 021 Poly R 882-11 305 Top LEFT,750000,6,gear_weekend.xml
316,3,Wafer 904 6DA00 021 Poly R 882-11 305 Top LEFT,750000,6,gear_weekend.xml
317,3,Wafer 904 6DA00 021 Poly R 882-11 305 Top LEFT,750000,6,gear_weekend.xml
318,3,Wafer 904 6DA00 021 Poly R 882-11 305 Top LEFT,750000,6,gear_weekend.xml
319,3,Wafer 904 6DA00 021 Poly R 882-11 305 Top LEFT,750000,6,gear_weekend.xml
320,3,Wafer 904 6DA00 021 Poly R 882-11 305 Top LEFT,750000,6,gear_weekend.xml
321,3,Wafer 904 6DA00 021 Poly R 882-11 305 Top LEFT,750000,6,gear_weekend.xml
322,3,Wafer 904 6DA00 021 Poly R 882-11 305 Top LEFT,750000,6,gear_weekend.xml
323,3,Wafer 904 6DA00 021 Poly R 882-11 305 Top LEFT,750000,6,gear_weekend.xml
324,3,Wafer 904 6DA00 021 Poly R 882-11 305 Top LEFT,750000,6,gear_weekend.xml
325,3,Wafer 904 6DA00 021 Poly R 882-11 305 Top LEFT,750000,6,gear_weekend.xml
326,3,Wafer 904 6DA00 021 Poly R 882-11 305 Top LEFT,750000,6,gear_weekend.xml
327,3,Wafer 904 6DA00 021 Poly R 882-11 305 Top LEFT,750000,6,gear_weekend.xml
328,3,Wafer 904 6DA00 021 Poly R 882-11 305 Top LEFT,750000,6,gear_weekend.xml
329,3,Wafer 904 6DA00 021 Poly R 882-11 305 Top LEFT,750000,6,gear_weekend.xml
330,3,Wafer 904 6DA00 021 Poly R 882-11 305 Top LEFT,750000,6,gear_weekend.xml
331,3,Wafer 904 6DA00 021 Poly R 882-11 305 Top LEFT,750000,6,gear_weekend.xml
332,3,Wafer 904 6DA00 021 Poly R 882-11 305 Top LEFT,750000,6,gear_weekend.xml
333,3,Wafer 904 6DA00 021 Poly R 882-11 305 Top LEFT,750000,6,gear_weekend.xml
334,3,Wafer 904 6DA00 021 Poly R 882-11 305 Top LEFT,750000,6,gear_weekend.xml
335,3,Wafer 904 6DA00 021 Poly R 882-11 305 Top LEFT,750000,6,gear_weekend.xml
336,3,Wafer 904 6DA00 021 Poly R 882-11 305 Top LEFT,750000,6,gear_weekend.xml
337,3,Wafer 904 6DA00 021 Poly R 882-11 305 Top LEFT,750000,6,gear_weekend.xml
338,3,Wafer 904 6DA00 021 Poly R 882-11 305 Top LEFT,750000,6,gear_weekend.xml
339,3,Wafer 904 6DA00 021 Poly R 882-11 305 Top LEFT,750000,6,gear_weekend.xml
340,3,Wafer 904 6DA00 021 Poly R 882-11 305 Top LEFT,750000,6,gear_weekend.xml
341,3,Wafer 904 6DA00 021 Poly R 882-11 305 Top LEFT,750000,6,gear_weekend.xml
342,3,Wafer 904 6DA00 021 Poly R 882-11 305 Top LEFT,750000,6,gear_weekend.xml
343,3,Wafer 904 6DA00 021 Poly R 882-11 305 Top LEFT,750000,6,gear_weekend.xml
344,3,Wafer 904 6DA00 021 Poly R 882-11 305 Top LEFT,750000,6,gear_weekend.xml
345,3,Wafer 904 6DA00 021 Poly R 882-11 305 Top LEFT,750000,6,gear_weekend.xml
346,3,Wafer 904 6DA00 021 Poly R 882-11 305 Top LEFT,750000,6,gear_weekend.xml
347,3,Wafer 904 6DA00 021 Poly R 882-11 305 Top LEFT,750000,6,gear_weekend.xml
348,3,Wafer 904 6DA00 021 Poly R 882-11 305 Top LEFT,750000,6,gear_weekend.xml
349,3,Wafer 904 6DA00 021 Poly R 882-11 305 Top LEFT,750000,6,gear_weekend.xml
350,3,Wafer 904 6DA00 021 Poly R 882-11 305 Top LEFT,750000,6,gear_weekend.xml
351,3,Wafer 904 6DA00 021 Poly R 882-11 305 Top LEFT,750000,6,gear_weekend.xml
352,3,Wafer 904 6DA00 021 Poly R 882-11 305 Top LEFT,750000,6,gear_weekend.xml
353,3,Wafer 904 6DA00 021 Poly R 882-11 305 Top LEFT,750000,6,gear_weekend.xml
354,3,Wafer 904 6DA00 021 Poly R 882-11 305 Top LEFT,750000,6,gear_weekend.xml
355,3,Wafer 904 6DA00 021 Poly R 882-11 305 Top LEFT,750000,6,gear_weekend.xml
356,3,Wafer 904 6DA00 021 Poly R 882-11 305 Top LEFT,750000,6,gear_weekend.xml
357,3,Wafer 904 6DA00 021 Poly R 882-11 305 Top LEFT,750000,6,gear_weekend.xml
358,3,Wafer 904 6DA00 021 Poly R 882-11 305 Top LEFT,750000,6,gear_weekend.xml
359,3,Wafer 904 6DA00 021 Poly R 882-11 305 Top LEFT,750000,6,gear_weekend.xml
360,3,Wafer 904 6DA00 021 Poly R 882-11 305 Top LEFT,750000,6,gear_weekend.xml
361,3,Wafer 904 6DA00 021 Poly R 882-11 305 Top LEFT,750000,6,gear_weekend.xml
362,3,Wafer 904 6DA00 021 Poly R 882-11 305 Top LEFT,750000,6,gear_weekend.xml
363,3,Wafer 904 6DA00 021 Poly R 882-11 305 Top LEFT,750000,6,gear_weekend.xml
364,3,Wafer 904 6DA00 021 Poly R 882-11 305 Top LEFT,750000,6,gear_weekend.xml
365,3,Wafer 904 6DA00 021 Poly R 882-11 305 Top LEFT,750000,6,gear_weekend.xml
366,3,Wafer 904 6DA00 021 Poly R 882-11 305 Top LEFT,750000,6,gear_weekend.xml
367,3,Wafer 904 6DA00 021 Poly R 882-11 305 Top LEFT,750000,6,gear_weekend.xml
368,3,Wafer 904 6DA00 021 Poly R 882-11 305 Top LEFT,750000,6,gear_weekend.xml
369,3,Wafer 904 6DA00 021 Poly R 882-11 305 Top LEFT,750000,6,gear_weekend.xml
370,3,Wafer 904 6DA00 021 Poly R 882-11 305 Top LEFT,750000,6,gear_weekend.xml
371,3,Wafer 904 6DA00 021 Poly R 882-11 305 Top LEFT,750000,6,gear_weekend.xml
372,3,Wafer 904 6DA00 021 Poly R 882-11 305 Top LEFT,750000,6,gear_weekend.xml
373,3,Wafer 904 6DA00 021 Poly R 882-11 305 Top LEFT,750000,6,gear_weekend.xml
374,3,Wafer 904 6DA00 021 Poly R 882-11 305 Top LEFT,750000,6,gear_weekend.xml
375,3,Wafer 904 6DA00 021 Poly R 882-11 305 Top LEFT,750000,6,gear_weekend.xml
376,3,Wafer 904 6DA00 021 Poly R 882-11 305 Top LEFT,750000,6,gear_weekend.xml
377,3,Wafer 904 6DA00 021 Poly R 882-11 305 Top LEFT,750000,6,gear_weekend.xml
378,3,Wafer 904 6DA00 021 Poly R 882-11 305 Top LEFT,750000,6,gear_weekend.xml
379,3,Wafer 904 6DA00 021 Poly R 882-11 305 Top LEFT,750000,6,gear_weekend.xml
380,3,Wafer 904 6DA00 021 Poly R 882-11 305 Top LEFT,750000,6,gear_weekend.xml
381,3,Wafer 904 6DA00 021 Poly R 882-11 305 Top LEFT,750000,6,gear_weekend.xml
382,3,Wafer 904 6DA00 021 Poly R 882-11 305 Top LEFT,750000,6,gear_weekend.xml
383,3,Wafer 904 6DA00 021 Poly R 882-11 305 Top LEFT,750000,6,gear_weekend.xml
384,3,Wafer 904 6DA00 021 Poly R 882-11 305 Top LEFT,750000,6,gear_weekend.xml
385,3,Wafer 904 6DA00 021 Poly R 882-11 305 Top LEFT,750000,6,gear_weekend.xml
386,3,Wafer 904 6DA00 021 Poly R 882-11 305 Top LEFT,750000,6,gear_weekend.xml
387,3,Wafer 904 6DA00 021 Poly R 882-11 305 Top LEFT,750000,6,gear_weekend.xml
388,3,Wafer 904 6DA00 021 Poly R 882-11 305 Top LEFT,750000,6,gear_weekend.xml
389,3,Wafer 904 6DA00 021 Poly R 882-11 305 Top LEFT,750000,6,gear_weekend.xml
390,3,Wafer 904 6DA00 021 Poly R 882-11 305 Top LEFT,750000,6,gear_weekend.xml
391,3,Wafer 904 6DA00 021 Poly R 882-11 305 Top LEFT,750000,6,gear_weekend.xml
392,3,Wafer 904 6DA00 021 Poly R 882-11 305 Top LEFT,750000,6,gear_weekend.xml
393,3,Wafer 904 6DA00 021 Poly R 882-11 305 Top LEFT,750000,6,gear_weekend.xml
394,3,Wafer 904 6DA00 021 Poly R 882-11 305 Top LEFT,750000,6,gear_weekend.xml
395,3,Wafer 904 6DA00 021 Poly R 882-11 305 Top LEFT,750000,6,gear_weekend.xml
396,3,Wafer 904 6DA00 021 Poly R 882-11 305 Top LEFT,750000,6,gear_weekend.xml
397,3,Wafer 904 6DA00 021 Poly R 882-11 305 Top LEFT,750000,6,gear_weekend.xml
398,3,Wafer 904 6DA00 021 Poly R 882-11 305 Top LEFT,750000,6,gear_weekend.xml
399,3,Wafer 904 6DA00 021 Poly R 882-11 305 Top LEFT,750000,6,gear_weekend.xml
400,3,Wafer 904 6DA00 021 Poly R 882-11 305 Top LEFT,750000,6,gear_weekend.xml
401,3,Wafer 904 6DA00 021 Poly R 882-11 305 Top LEFT,750000,6,gear_weekend.xml
402,3,Wafer 904 6DA00 021 Poly R 882-11 305 Top LEFT,750000,6,gear_weekend.xml
403,3,Wafer 904 6DA00 021 Poly R 882-11 305 Top LEFT,750000,6,gear_weekend.xml
404,3,Wafer 904 6DA00 021 Poly R 882-11 305 Top LEFT,750000,6,gear_weekend.xml
405,3,Wafer 904 6DA00 021 Poly R 882-11 305 Top LEFT,750000,6,gear_weekend.xml
406,3,Wafer 904 6DA00 021 Poly R 882-11 305 Top LEFT,750000,6,gear_weekend.xml
407,3,Wafer 904 6DA00 021 Poly R 882-11 305 Top LEFT,750000,6,gear_weekend.xml
408,3,Wafer 904 6DA00 021 Poly R 882-11 305 Top LEFT,750000,6,gear_weekend.xml
409,3,Wafer 904 6DA00 021 Poly R 882-11 305 Top LEFT,750000,6,gear_weekend.xml
410,3,Wafer 904 6DA00 021 Poly R 882-11 305 Top LEFT,750000,6,gear_weekend.xml
411,3,Wafer 904 6DA00 021 Poly R 882-11 305 Top LEFT,750000,6,gear_weekend.xml
412,3,Wafer 904 6DA00 021 Poly R 882-11 305 Top LEFT,750000,6,gear_weekend.xml
413,3,Wafer 904 6DA00 021 Poly R 882-11 305 Top LEFT,750000,6,gear_weekend.xml
414,3,Wafer 904 6DA00 021 Poly R 882-11 305 Top LEFT,750000,6,gear_weekend.xml
415,3,Wafer 904 6DA00 021 Poly R 882-11 305 Top LEFT,750000,6,gear_weekend.xml
416,3,Wafer 904 6DA00 021 Poly R 882-11 305 Top LEFT,750000,6,gear_weekend.xml
417,3,Wafer 904 6DA00 021 Poly R 882-11 305 Top LEFT,750000,6,gear_weekend.xml
418,3,Wafer 904 6DA00 021 Poly R 882-11 305 Top LEFT,750000,6,gear_weekend.xml
419,3,Wafer 904 6DA00 021 Poly R 882-11 305 Top LEFT,750000,6,gear_weekend.xml
420,3,Wafer 904 6DA00 021 Poly R 882-11 305 Top LEFT,750000,6,gear_weekend.xml
421,3,Wafer 904 6DA00 021 Poly R 882-11 305 Top LEFT,750000,6,gear_weekend.xml
422,3,Wafer 904 6DA00 021 Poly R 882-11 305 Top LEFT,750000,6,gear_weekend.xml
423,3,Wafer 904 6DA00 021 Poly R 882-11 305 Top LEFT,750000,6,gear_weekend.xml
424,3,Wafer 904 6DA00 021 Poly R 882-11 305 Top LEFT,750000,6,gear_weekend.xml
425,3,Wafer 904 6DA00 021 Poly R 882-11 305 Top LEFT,750000,6,gear_weekend.xml
426,3,Wafer 904 6DA00 021 Poly R 882-11 305 Top LEFT,750000,6,gear_weekend.xml
427,3,Wafer 904 6DA00 021 Poly R 882-11 305 Top LEFT,750000,6,gear_weekend.xml
428,3,Wafer 904 6DA00 021 Poly R 882-11 305 Top LEFT,750000,6,gear_weekend.xml
429,3,Wafer 904 6DA00 021 Poly R 882-11 305 Top LEFT,750000,6,gear_weekend.xml
430,3,Wafer 904 6DA00 021 Poly R 882-11 305 Top LEFT,750000,6,gear_weekend.xml
431,3,Wafer 904 6DA00 021 Poly R 882-11 305 Top LEFT,750000,6,gear_weekend.xml
432,3,Wafer 904 6DA00 021 Poly R 882-11 305 Top LEFT,750000,6,gear_weekend.xml
433,3,Wafer 904 6DA00 021 Poly R 882-11 305 Top LEFT,750000,6,gear_weekend.xml
434,3,Wafer 904 6DA00 021 Poly R 882-11 305 Top LEFT,750000,6,gear_weekend.xml
435,3,Wafer 904 6DA00 021 Poly R 882-11 305 Top LEFT,750000,6,gear_weekend.xml
436,3,Wafer 904 6DA00 021 Poly R 882-11 305 Top LEFT,750000,6,gear_weekend.xml
437,3,Wafer 904 6DA00 021 Poly R 882-11 305 Top LEFT,750000,6,gear_weekend.xml
438,3,Wafer 904 6DA00 021 Poly R 882-11 305 Top LEFT,750000,6,gear_weekend.xml
439,3,Wafer 904 6DA00 021 Poly R 882-11 305 Top LEFT,750000,6,gear_weekend.xml
440,3,Wafer 904 6DA00 021 Poly R 882-11 305 Top LEFT,750000,6,gear_weekend.xml
441,3,Wafer 904 6DA00 021 Poly R 882-11 305 Top LEFT,750000,6,gear_weekend.xml
442,3,Wafer 904 6DA00 021 Poly R 882-11 305 Top LEFT,750000,6,gear_weekend.xml
443,3,Wafer 904 6DA00 021 Poly R 882-11 305 Top LEFT,750000,6,gear_weekend.xml
444,3,Wafer 904 6DA00 021 Poly R 882-11 305 Top LEFT,750000,6,gear_weekend.xml
445,3,Wafer 904 6DA00 021 Poly R 882-11 305 Top LEFT,750000,6,gear_weekend.xml
446,3,Wafer 904 6DA00 021 Poly R 882-11 305 Top LEFT,750000,6,gear_weekend.xml
447,3,Wafer 904 6DA00 021 Poly R 882-11 305 Top LEFT,750000,6,gear_weekend.xml
448,3,Wafer 904 6DA00 021 Poly R 882-11 305 Top LEFT,750000,6,gear_weekend.xml
449,3,Wafer 904 6DA00 021 Poly R 882-11 305 Top LEFT,750000,6,gear_weekend.xml
450,3,Wafer 904 6DA00 021 Poly R 882-11 305 Top LEFT,750000,6,gear_weekend.xml
451,3,Wafer 904 6DA00 021 Poly R 882-11 305 Top LEFT,750000,6,gear_weekend.xml
452,3,Wafer 904 6DA00 021 Poly R 882-11 305 Top LEFT,750000,6,gear_weekend.xml
453,3,Wafer 904 6DA00 021 Poly R 882-11 305 Top LEFT,750000,6,gear_weekend.xml
454,3,Wafer 904 6DA00 021 Poly R 882-11 305 Top LEFT,750000,6,gear_weekend.xml
455,3,Wafer 904 6DA00 021 Poly R 882-11 305 Top LEFT,750000,6,gear_weekend.xml
456,3,Wafer 904 6DA00 021 Poly R 882-11 305 Top LEFT,750000,6,gear_weekend.xml
457,3,Wafer 904 6DA00 021 Poly R 882-11 305 Top LEFT,750000,6,gear_weekend.xml
458,3,Wafer 904 6DA00 021 Poly R 882-11 305 Top LEFT,750000,6,gear_weekend.xml
459,3,Wafer 904 6DA00 021 Poly R 882-11 305 Top LEFT,750000,6,gear_weekend.xml
460,3,Wafer 904 6DA00 021 Poly R 882-11 305 Top LEFT,750000,6,gear_weekend.xml
461,3,Wafer 904 6DA00 021 Poly R 882-11 305 Top LEFT,750000,6,gear_weekend.xml
462,3,Wafer 904 6DA00 021 Poly R 882-11 305 Top LEFT,750000,6,gear_weekend.xml
463,3,Wafer 904 6DA00 021 Poly R 882-11 305 Top LEFT,750000,6,gear_weekend.xml
464,3,Wafer 904 6DA00 021 Poly R 882-11 305 Top LEFT,750000,6,gear_weekend.xml
465,3,Wafer 904 6DA00 021 Poly R 882-11 305 Top LEFT,750000,6,gear_weekend.xml
466,3,Wafer 904 6DA00 021 Poly R 882-11 305 Top LEFT,750000,6,gear_weekend.xml
467,3,Wafer 904 6DA00 021 Poly R 882-11 305 Top LEFT,750000,6,gear_weekend.xml
468,3,Wafer 904 6DA00 021 Poly R 882-11 305 Top LEFT,750000,6,gear_weekend.xml
469,3,Wafer 904 6DA00 021 Poly R 882-11 305 Top LEFT,750000,6,gear_weekend.xml
470,3,Wafer 904 6DA00 021 Poly R 882-11 305 Top LEFT,750000,6,gear_weekend.xml
471,3,Wafer 904 6DA00 021 Poly R 882-11 305 Top LEFT,750000,6,gear_weekend.xml
472,3,Wafer 904 6DA00 021 Poly R 882-11 305 Top LEFT,750000,6,gear_weekend.xml
473,3,Wafer 904 6DA00 021 Poly R 882-11 305 Top LEFT,750000,6,gear_weekend.xml
474,3,Wafer 904 6DA00 021 Poly R 882-11 305 Top LEFT,750000,6,gear_weekend.xml
475,3,Wafer 904 6DA00 021 Poly R 882-11 305 Top LEFT,750000,6,gear_weekend.xml
476,3,Wafer 904 6DA00 021 Poly R 882-11 305 Top LEFT,750000,6,gear_weekend.xml
477,3,Wafer 904 6DA00 021 Poly R 882-11 305 Top LEFT,750000,6,gear_weekend.xml
478,3,Wafer 904 6DA00 021 Poly R 882-11 305 Top LEFT,750000,6,gear_weekend.xml
479,3,Wafer 904 6DA00 021 Poly R 882-11 305 Top LEFT,750000,6,gear_weekend.xml
480,3,Wafer 904 6DA00 021 Poly R 882-11 305 Top LEFT,750000,6,gear_weekend.xml
481,3,Wafer 904 6DA00 021 Poly R 882-11 305 Top LEFT,750000,6,gear_weekend.xml
482,3,Wafer 904 6DA00 021 Poly R 882-11 305 Top LEFT,750000,6,gear_weekend.xml
483,3,Wafer 904 6DA00 021 Poly R 882-11 305 Top LEFT,750000,6,gear_weekend.xml
484,3,Wafer 904 6DA00 021 Poly R 882-11 305 Top LEFT,750000,6,gear_weekend.xml
485,3,Wafer 904 6DA00 021 Poly R 882-11 305 Top LEFT,750000,6,gear_weekend.xml
486,3,Wafer 904 6DA00 021 Poly R 882-11 305 Top LEFT,750000,6,gear_weekend.xml
487,3,Wafer 904 6DA00 021 Poly R 882-11 305 Top LEFT,750000,6,gear_weekend.xml
488,3,Wafer 904 6DA00 021 Poly R 882-11 305 Top LEFT,750000,6,gear_weekend.xml
489,3,Wafer 904 6DA00 021 Poly R 882-11 305 Top LEFT,750000,6,gear_weekend.xml
490,3,Wafer 904 6DA00 021 Poly R 882-11 305 Top LEFT,750000,6,gear_weekend.xml
491,3,Wafer 904 6DA00 021 Poly R 882-11 305 Top LEFT,750000,6,gear_weekend.xml
492,1,PTFE Black Tape and Chip,750000,6,gear_weekend.xml
493,1,PTFE Black Tape and Chip,750000,6,gear_weekend.xml
494,1,PTFE Black Tape and Chip,750000,6,gear_weekend.xml
495,1,PTFE Black Tape and Chip,750000,6,gear_weekend.xml
496,1,PTFE Black Tape and Chip,750000,6,gear_weekend.xml
497,1,PTFE Black Tape and Chip,750000,6,gear_weekend.xml
498,1,PTFE Black Tape and Chip,750000,6,gear_weekend.xml
499,1,PTFE Black Tape and Chip,750000,6,gear_weekend.xml
500,1,PTFE Black Tape and Chip,750000,6,gear_weekend.xml
501,1,PTFE Black Tape and Chip,750000,6,gear_weekend.xml
502,1,PTFE Black Tape and Chip,750000,6,gear_weekend.xml
503,1,PTFE Black Tape and Chip,750000,6,gear_weekend.xml
504,1,PTFE Black Tape and Chip,750000,6,gear_weekend.xml
505,1,PTFE Black Tape and Chip,750000,6,gear_weekend.xml
506,1,PTFE Black Tape and Chip,750000,6,gear_weekend.xml
507,1,PTFE Black Tape and Chip,750000,6,gear_weekend.xml
508,1,PTFE Black Tape and Chip,750000,6,gear_weekend.xml
509,1,PTFE Black Tape and Chip,750000,6,gear_weekend.xml
510,1,PTFE Black Tape and Chip,750000,6,gear_weekend.xml
511,1,PTFE Black Tape and Chip,750000,6,gear_weekend.xml
512,1,PTFE Black Tape and Chip,750000,6,gear_weekend.xml
513,1,PTFE Black Tape and Chip,750000,6,gear_weekend.xml
514,1,PTFE Black Tape and Chip,750000,6,gear_weekend.xml
515,1,PTFE Black Tape and Chip,750000,6,gear_weekend.xml
516,1,PTFE Black Tape and Chip,750000,6,gear_weekend.xml
517,1,PTFE Black Tape and Chip,750000,6,gear_weekend.xml
518,1,PTFE Black Tape and Chip,750000,6,gear_weekend.xml
519,1,PTFE Black Tape and Chip,750000,6,gear_weekend.xml
520,1,PTFE Black Tape and Chip,750000,6,gear_weekend.xml
521,1,PTFE Black Tape and Chip,750000,6,gear_weekend.xml
522,1,PTFE Black Tape and Chip,750000,6,gear_weekend.xml
523,1,PTFE Black Tape and Chip,750000,6,gear_weekend.xml
524,1,PTFE Black Tape and Chip,750000,6,gear_weekend.xml
525,1,PTFE Black Tape and Chip,750000,6,gear_weekend.xml
526,1,PTFE Black Tape and Chip,750000,6,gear_weekend.xml
527,1,PTFE Black Tape and Chip,750000,6,gear_weekend.xml
528,1,PTFE Black Tape and Chip,750000,6,gear_weekend.xml
529,1,PTFE Black Tape and Chip,750000,6,gear_weekend.xml
530,1,PTFE Black Tape and Chip,750000,6,gear_weekend.xml
531,1,PTFE Black Tape and Chip,750000,6,gear_weekend.xml
532,1,PTFE Black Tape and Chip,750000,6,gear_weekend.xml
533,1,PTFE Black Tape and Chip,750000,6,gear_weekend.xml
534,1,PTFE Black Tape and Chip,750000,6,gear_weekend.xml
535,1,PTFE Black Tape and Chip,750000,6,gear_weekend.xml
536,1,PTFE Black Tape and Chip,750000,6,gear_weekend.xml
537,1,PTFE Black Tape and Chip,750000,6,gear_weekend.xml
538,1,PTFE Black Tape and Chip,750000,6,gear_weekend.xml
539,1,PTFE Black Tape and Chip,750000,6,gear_weekend.xml
540,1,PTFE Black Tape and Chip,750000,6,gear_weekend.xml
541,1,PTFE Black Tape and Chip,750000,6,gear_weekend.xml
542,1,PTFE Black Tape and Chip,750000,6,gear_weekend.xml
543,1,PTFE Black Tape and Chip,750000,6,gear_weekend.xml
544,1,PTFE Black Tape and Chip,750000,6,gear_weekend.xml
545,1,PTFE Black Tape and Chip,750000,6,gear_weekend.xml
546,1,PTFE Black Tape and Chip,750000,6,gear_weekend.xml
547,1,PTFE Black Tape and Chip,750000,6,gear_weekend.xml
548,1,PTFE Black Tape and Chip,750000,6,gear_weekend.xml
549,1,PTFE Black Tape and Chip,750000,6,gear_weekend.xml
550,1,PTFE Black Tape and Chip,750000,6,gear_weekend.xml
551,1,PTFE Black Tape and Chip,750000,6,gear_weekend.xml
552,1,PTFE Black Tape and Chip,750000,6,gear_weekend.xml
553,1,PTFE Black Tape and Chip,750000,6,gear_weekend.xml
554,1,PTFE Black Tape and Chip,750000,6,gear_weekend.xml
555,1,PTFE Black Tape and Chip,750000,6,gear_weekend.xml
556,1,PTFE Black Tape and Chip,750000,6,gear_weekend.xml
557,1,PTFE Black Tape and Chip,750000,6,gear_weekend.xml
558,1,PTFE Black Tape and Chip,750000,6,gear_weekend.xml
559,1,PTFE Black Tape and Chip,750000,6,gear_weekend.xml
560,1,PTFE Black Tape and Chip,750000,6,gear_weekend.xml
561,1,PTFE Black Tape and Chip,750000,6,gear_weekend.xml
562,1,PTFE Black Tape and Chip,750000,6,gear_weekend.xml
563,1,PTFE Black Tape and Chip,750000,6,gear_weekend.xml
564,1,PTFE Black Tape and Chip,750000,6,gear_weekend.xml
565,1,PTFE Black Tape and Chip,750000,6,gear_weekend.xml
566,1,PTFE Black Tape and Chip,750000,6,gear_weekend.xml
567,1,PTFE Black Tape and Chip,750000,6,gear_weekend.xml
568,1,PTFE Black Tape and Chip,750000,6,gear_weekend.xml
569,1,PTFE Black Tape and Chip,750000,6,gear_weekend.xml
570,1,PTFE Black Tape and Chip,750000,6,gear_weekend.xml
571,1,PTFE Black Tape and Chip,750000,6,gear_weekend.xml
572,1,PTFE Black Tape and Chip,750000,6,gear_weekend.xml
573,1,PTFE Black Tape and Chip,750000,6,gear_weekend.xml
574,1,PTFE Black Tape and Chip,750000,6,gear_weekend.xml
575,1,PTFE Black Tape and Chip,750000,6,gear_weekend.xml
576,1,PTFE Black Tape and Chip,750000,6,gear_weekend.xml
577,1,PTFE Black Tape and Chip,750000,6,gear_weekend.xml
578,1,PTFE Black Tape and Chip,750000,6,gear_weekend.xml
579,1,PTFE Black Tape and Chip,750000,6,gear_weekend.xml
580,1,PTFE Black Tape and Chip,750000,6,gear_weekend.xml
581,1,PTFE Black Tape and Chip,750000,6,gear_weekend.xml
582,1,PTFE Black Tape and Chip,750000,6,gear_weekend.xml
583,1,PTFE Black Tape and Chip,750000,6,gear_weekend.xml
584,1,PTFE Black Tape and Chip,750000,6,gear_weekend.xml
585,1,PTFE Black Tape and Chip,750000,6,gear_weekend.xml
586,1,PTFE Black Tape and Chip,750000,6,gear_weekend.xml
587,1,PTFE Black Tape and Chip,750000,6,gear_weekend.xml
588,1,PTFE Black Tape and Chip,750000,6,gear_weekend.xml
589,1,PTFE Black Tape and Chip,750000,6,gear_weekend.xml
590,1,PTFE Black Tape and Chip,750000,6,gear_weekend.xml
591,1,PTFE Black Tape and Chip,750000,6,gear_weekend.xml
592,1,PTFE Black Tape and Chip,750000,6,gear_weekend.xml
593,1,PTFE Black Tape and Chip,750000,6,gear_weekend.xml
594,1,PTFE Black Tape and Chip,750000,6,gear_weekend.xml
595,1,PTFE Black Tape and Chip,750000,6,gear_weekend.xml
596,1,PTFE Black Tape and Chip,750000,6,gear_weekend.xml
597,1,PTFE Black Tape and Chip,750000,6,gear_weekend.xml
598,1,PTFE Black Tape and Chip,750000,6,gear_weekend.xml
599,1,PTFE Black Tape and Chip,750000,6,gear_weekend.xml
600,1,PTFE Black Tape and Chip,750000,6,gear_weekend.xml
601,1,PTFE Black Tape and Chip,750000,6,gear_weekend.xml
602,1,PTFE Black Tape and Chip,750000,6,gear_weekend.xml
603,1,PTFE Black Tape and Chip,750000,6,gear_weekend.xml
604,1,PTFE Black Tape and Chip,750000,6,gear_weekend.xml
605,1,PTFE Black Tape and Chip,750000,6,gear_weekend.xml
606,1,PTFE Black Tape and Chip,750000,6,gear_weekend.xml
607,1,PTFE Black Tape and Chip,750000,6,gear_weekend.xml
608,1,PTFE Black Tape and Chip,750000,6,gear_weekend.xml
609,1,PTFE Black Tape and Chip,750000,6,gear_weekend.xml
610,1,PTFE Black Tape and Chip,750000,6,gear_weekend.xml
611,1,PTFE Black Tape and Chip,750000,6,gear_weekend.xml
612,1,PTFE Black Tape and Chip,750000,6,gear_weekend.xml
613,1,PTFE Black Tape and Chip,750000,6,gear_weekend.xml
614,1,PTFE Black Tape and Chip,750000,6,gear_weekend.xml
615,1,PTFE Black Tape and Chip,750000,6,gear_weekend.xml
616,1,PTFE Black Tape and Chip,750000,6,gear_weekend.xml
617,1,PTFE Black Tape and Chip,750000,6,gear_weekend.xml
618,1,PTFE Black Tape and Chip,750000,6,gear_weekend.xml
619,1,PTFE Black Tape and Chip,750000,6,gear_weekend.xml
620,1,PTFE Black Tape and Chip,750000,6,gear_weekend.xml
621,1,PTFE Black Tape and Chip,750000,6,gear_weekend.xml
622,1,PTFE Black Tape and Chip,750000,6,gear_weekend.xml
623,1,PTFE Black Tape and Chip,750000,6,gear_weekend.xml
624,1,PTFE Black Tape and Chip,750000,6,gear_weekend.xml
625,1,PTFE Black Tape and Chip,750000,6,gear_weekend.xml
626,1,PTFE Black Tape and Chip,750000,6,gear_weekend.xml
627,1,PTFE Black Tape and Chip,750000,6,gear_weekend.xml
628,1,PTFE Black Tape and Chip,750000,6,gear_weekend.xml
629,1,PTFE Black Tape and Chip,750000,6,gear_weekend.xml
630,1,PTFE Black Tape and Chip,750000,6,gear_weekend.xml
631,1,PTFE Black Tape and Chip,750000,6,gear_weekend.xml
632,1,PTFE Black Tape and Chip,750000,6,gear_weekend.xml
633,1,PTFE Black Tape and Chip,750000,6,gear_weekend.xml
634,1,PTFE Black Tape and Chip,750000,6,gear_weekend.xml
635,1,PTFE Black Tape and Chip,750000,6,gear_weekend.xml
636,1,PTFE Black Tape and Chip,750000,6,gear_weekend.xml
637,1,PTFE Black Tape and Chip,750000,6,gear_weekend.xml
638,1,PTFE Black Tape and Chip,750000,6,gear_weekend.xml
639,1,PTFE Black Tape and Chip,750000,6,gear_weekend.xml
640,1,PTFE Black Tape and Chip,750000,6,gear_weekend.xml
641,1,PTFE Black Tape and Chip,750000,6,gear_weekend.xml
642,1,PTFE Black Tape and Chip,750000,6,gear_weekend.xml
643,1,PTFE Black Tape and Chip,750000,6,gear_weekend.xml
644,1,PTFE Black Tape and Chip,750000,6,gear_weekend.xml
645,1,PTFE Black Tape and Chip,750000,6,gear_weekend.xml
646,1,PTFE Black Tape and Chip,750000,6,gear_weekend.xml
647,1,PTFE Black Tape and Chip,750000,6,gear_weekend.xml
648,1,PTFE Black Tape and Chip,750000,6,gear_weekend.xml
649,1,PTFE Black Tape and Chip,750000,6,gear_weekend.xml
650,1,PTFE Black Tape and Chip,750000,6,gear_weekend.xml
651,1,PTFE Black Tape and Chip,750000,6,gear_weekend.xml
652,1,PTFE Black Tape and Chip,750000,6,gear_weekend.xml
653,1,PTFE Black Tape and Chip,750000,6,gear_weekend.xml
654,1,PTFE Black Tape and Chip,750000,6,gear_weekend.xml
655,1,PTFE Black Tape and Chip,750000,6,gear_weekend.xml
656,1,PTFE Black Tape and Chip,750000,6,gear_weekend.xml
657,1,PTFE Black Tape and Chip,750000,6,gear_weekend.xml
658,1,PTFE Black Tape and Chip,750000,6,gear_weekend.xml
659,1,PTFE Black Tape and Chip,750000,6,gear_weekend.xml
660,1,PTFE Black Tape and Chip,750000,6,gear_weekend.xml
661,1,PTFE Black Tape and Chip,750000,6,gear_weekend.xml
662,1,PTFE Black Tape and Chip,750000,6,gear_weekend.xml
663,1,PTFE Black Tape and Chip,750000,6,gear_weekend.xml
664,1,PTFE Black Tape and Chip,750000,6,gear_weekend.xml
665,1,PTFE Black Tape and Chip,750000,6,gear_weekend.xml
666,1,PTFE Black Tape and Chip,750000,6,gear_weekend.xml
667,1,PTFE Black Tape and Chip,750000,6,gear_weekend.xml
668,1,PTFE Black Tape and Chip,750000,6,gear_weekend.xml
669,1,PTFE Black Tape and Chip,750000,6,gear_weekend.xml
670,1,PTFE Black Tape and Chip,750000,6,gear_weekend.xml
671,1,PTFE Black Tape and Chip,750000,6,gear_weekend.xml
672,1,PTFE Black Tape and Chip,750000,6,gear_weekend.xml
673,1,PTFE Black Tape and Chip,750000,6,gear_weekend.xml
674,1,PTFE Black Tape and Chip,750000,6,gear_weekend.xml
675,1,PTFE Black Tape and Chip,750000,6,gear_weekend.xml
676,1,PTFE Black Tape and Chip,750000,6,gear_weekend.xml
677,1,PTFE Black Tape and Chip,750000,6,gear_weekend.xml
678,1,PTFE Black Tape and Chip,750000,6,gear_weekend.xml
679,1,PTFE Black Tape and Chip,750000,6,gear_weekend.xml
680,1,PTFE Black Tape and Chip,750000,6,gear_weekend.xml
681,1,PTFE Black Tape and Chip,750000,6,gear_weekend.xml
682,1,PTFE Black Tape and Chip,750000,6,gear_weekend.xml
683,1,PTFE Black Tape and Chip,750000,6,gear_weekend.xml
684,1,PTFE Black Tape and Chip,750000,6,gear_weekend.xml
685,1,PTFE Black Tape and Chip,750000,6,gear_weekend.xml
686,1,PTFE Black Tape and Chip,750000,6,gear_weekend.xml
687,1,PTFE Black Tape and Chip,750000,6,gear_weekend.xml
688,1,PTFE Black Tape and Chip,750000,6,gear_weekend.xml
689,1,PTFE Black Tape and Chip,750000,6,gear_weekend.xml
690,1,PTFE Black Tape and Chip,750000,6,gear_weekend.xml
691,1,PTFE Black Tape and Chip,750000,6,gear_weekend.xml
692,1,PTFE Black Tape and Chip,750000,6,gear_weekend.xml
693,1,PTFE Black Tape and Chip,750000,6,gear_weekend.xml
694,1,PTFE Black Tape and Chip,750000,6,gear_weekend.xml
695,1,PTFE Black Tape and Chip,750000,6,gear_weekend.xml
696,1,PTFE Black Tape and Chip,750000,6,gear_weekend.xml
697,1,PTFE Black Tape and Chip,750000,6,gear_weekend.xml
698,1,PTFE Black Tape and Chip,750000,6,gear_weekend.xml
699,1,PTFE Black Tape and Chip,750000,6,gear_weekend.xml
700,1,PTFE Black Tape and Chip,750000,6,gear_weekend.xml
701,1,PTFE Black Tape and Chip,750000,6,gear_weekend.xml
702,1,PTFE Black Tape and Chip,750000,6,gear_weekend.xml
703,1,PTFE Black Tape and Chip,750000,6,gear_weekend.xml
704,1,PTFE Black Tape and Chip,750000,6,gear_weekend.xml
705,1,PTFE Black Tape and Chip,750000,6,gear_weekend.xml
706,1,PTFE Black Tape and Chip,750000,6,gear_weekend.xml
707,1,PTFE Black Tape and Chip,750000,6,gear_weekend.xml
708,1,PTFE Black Tape and Chip,750000,6,gear_weekend.xml
709,1,PTFE Black Tape and Chip,750000,6,gear_weekend.xml
710,1,PTFE Black Tape and Chip,750000,6,gear_weekend.xml
711,1,PTFE Black Tape and Chip,750000,6,gear_weekend.xml
712,1,PTFE Black Tape and Chip,750000,6,gear_weekend.xml
713,1,PTFE Black Tape and Chip,750000,6,gear_weekend.xml
714,1,PTFE Black Tape and Chip,750000,6,gear_weekend.xml
715,1,PTFE Black Tape and Chip,750000,6,gear_weekend.xml
716,1,PTFE Black Tape and Chip,750000,6,gear_weekend.xml
717,1,PTFE Black Tape and Chip,750000,6,gear_weekend.xml
718,1,PTFE Black Tape and Chip,750000,6,gear_weekend.xml
719,1,PTFE Black Tape and Chip,750000,6,gear_weekend.xml
720,1,PTFE Black Tape and Chip,750000,6,gear_weekend.xml
721,1,PTFE Black Tape and Chip,750000,6,gear_weekend.xml
722,1,PTFE Black Tape and Chip,750000,6,gear_weekend.xml
723,1,PTFE Black Tape and Chip,750000,6,gear_weekend.xml
724,1,PTFE Black Tape and Chip,750000,6,gear_weekend.xml
725,1,PTFE Black Tape and Chip,750000,6,gear_weekend.xml
726,1,PTFE Black Tape and Chip,750000,6,gear_weekend.xml
727,1,PTFE Black Tape and Chip,750000,6,gear_weekend.xml
728,1,PTFE Black Tape and Chip,750000,6,gear_weekend.xml
729,1,PTFE Black Tape and Chip,750000,6,gear_weekend.xml
730,1,PTFE Black Tape and Chip,750000,6,gear_weekend.xml
731,1,PTFE Black Tape and Chip,750000,6,gear_weekend.xml
732,1,PTFE Black Tape and Chip,750000,6,gear_weekend.xml
733,1,PTFE Black Tape and Chip,750000,6,gear_weekend.xml
734,1,PTFE Black Tape and Chip,750000,6,gear_weekend.xml
735,1,PTFE Black Tape and Chip,750000,6,gear_weekend.xml
736,1,PTFE Black Tape and Chip,750000,6,gear_weekend.xml
737,1,PTFE Black Tape and Chip,750000,6,gear_weekend.xml
738,1,PTFE Black Tape and Chip,750000,6,gear_weekend.xml
739,1,PTFE Black Tape and Chip,750000,6,gear_weekend.xml
740,1,PTFE Black Tape and Chip,750000,6,gear_weekend.xml
741,1,PTFE Black Tape and Chip,750000,6,gear_weekend.xml
742,1,PTFE Black Tape and Chip,750000,6,gear_weekend.xml
743,1,PTFE Black Tape and Chip,750000,6,gear_weekend.xml
744,1,PTFE Black Tape and Chip,750000,6,gear_weekend.xml
745,1,PTFE Black Tape and Chip,750000,6,gear_weekend.xml
746,1,PTFE Black Tape and Chip,750000,6,gear_weekend.xml
747,1,PTFE Black Tape and Chip,750000,6,gear_weekend.xml
748,1,PTFE Black Tape and Chip,750000,6,gear_weekend.xml
749,1,PTFE Black Tape and Chip,750000,6,gear_weekend.xml
750,1,PTFE Black Tape and Chip,750000,6,gear_weekend.xml
751,1,PTFE Black Tape and Chip,750000,6,gear_weekend.xml
752,1,PTFE Black Tape and Chip,750000,6,gear_weekend.xml
753,1,PTFE Black Tape and Chip,750000,6,gear_weekend.xml
756,4,Martins DUT,10000000,12,GeometryA.xml
757,4,Martins DUT,10000000,12,GeometryA.xml
758,4,Martins DUT,10000000,12,GeometryA.xml
759,1,Martins DUT,10000000,12,GeometryA.xml
762,1,Martins DUT,10000000,12,GeometryB.xml
764,4,Martins DUT,10000000,12,GeometryB.xml
765,4,Martins DUT,10000000,12,GeometryB.xml
766,4,Martins DUT,10000000,12,GeometryB.xml
767,4,Martins DUT,10000000,12,GeometryB.xml
