RunNumber,BeamEnergy,MaterialThickness,MaxRecordNumber,Threshhold,GearFile,AlignmentRunNumber,ResidualXMin,ResidualXMax,ResidualYMin,ResidualYMax
5261,2,0,100000,7,gear_initial.xml,5277,,,,
5262,3,0,100000,7,gear_initial.xml,5277,,,,
5263,5,0,3000,7,gear_initial.xml,5277,,,,
5264,4,0,100000,7,gear_initial.xml,5277,,,,
5265,2,1,100000,7,gear_initial.xml,5277,,,,
5266,1,1,100000,7,gear_initial.xml,5277,,,,
5267,4,1,100000,7,gear_initial.xml,5277,,,,
5268,1,2,100000,7,gear_initial.xml,5277,,,,
5269,2,2,100000,7,gear_initial.xml,5277,,,,
5270,4,2,100000,7,gear_initial.xml,5277,,,,
5271,1,4,100000,7,gear_initial.xml,5277,,,,
5272,2,4,100000,7,gear_initial.xml,5277,,,,
5273,4,4,100000,7,gear_initial.xml,5277,,,,
5274,1,8,100000,7,gear_initial.xml,5277,,,,
5275,2,8,100000,7,gear_initial.xml,5277,,,,
5276,4,8,100000,7,gear_initial.xml,5277,,,,
5277,1,0,100000,7,gear_initial.xml,5277,,,,
5562,1,0,100000,7,gear_equally_spaced.xml,5566,,,,
5563,2,0,100000,7,gear_equally_spaced.xml,5566,,,,
5564,3,0,100000,7,gear_equally_spaced.xml,5566,,,,
5565,4,0,100000,7,gear_equally_spaced.xml,5566,,,,
5566,5,0,100000,7,gear_equally_spaced.xml,5566,-600 -600 -1000 -2000 -2000 -2000,600 600 1000 2000 2000 2000,-400 -400 -1000 -1700 -2000 -2500,400 400 1000 1700 2000 2500
5567,1,1,100000,7,gear_equally_spaced.xml,5566,,,,
5568,2,1,100000,7,gear_equally_spaced.xml,5566,,,,
5569,3,1,100000,7,gear_equally_spaced.xml,5566,,,,
5570,4,1,100000,7,gear_equally_spaced.xml,5566,,,,
5571,5,1,100000,7,gear_equally_spaced.xml,5566,,,,
5573,1,2,100000,7,gear_equally_spaced.xml,5566,,,,
5574,2,2,100000,7,gear_equally_spaced.xml,5566,,,,
5575,3,2,100000,7,gear_equally_spaced.xml,5566,,,,
5576,4,2,100000,7,gear_equally_spaced.xml,5566,,,,
5577,5,2,100000,7,gear_equally_spaced.xml,5566,,,,
5578,1,4,100000,7,gear_equally_spaced.xml,5566,,,,
5579,2,4,100000,7,gear_equally_spaced.xml,5566,,,,
5580,3,4,100000,7,gear_equally_spaced.xml,5566,,,,
5581,4,4,100000,7,gear_equally_spaced.xml,5566,,,,
5582,5,4,100000,7,gear_equally_spaced.xml,5566,,,,
5584,1,8,100000,7,gear_equally_spaced.xml,5566,,,,
5585,2,8,100000,7,gear_equally_spaced.xml,5566,,,,
5586,3,8,100000,7,gear_equally_spaced.xml,5566,,,,
5587,3,8,100000,7,gear_equally_spaced.xml,5566,,,,
5588,4,8,100000,7,gear_equally_spaced.xml,5566,,,,
5589,5,8,100000,7,gear_equally_spaced.xml,5566,,,,
5590,5,8,100000,7,gear_equally_spaced.xml,5566,,,,
5593,1,0,100000,7,gear_large_distance.xml,5597,,,,
5594,2,0,100000,7,gear_large_distance.xml,5597,,,,
5595,3,0,100000,7,gear_large_distance.xml,5597,,,,
5596,4,0,100000,7,gear_large_distance.xml,5597,,,,
5597,5,0,100000,7,gear_large_distance.xml,5597,-300 -300 -400 -2500 -2500 -2500,300 300 400 2500 2500 2500,-500 -500 -500 -3000 -3500 -4000,500 500 500 3000 3500 4000
5598,1,1,100000,7,gear_large_distance.xml,5597,,,,
5599,2,1,100000,7,gear_large_distance.xml,5597,,,,
5600,3,1,100000,7,gear_large_distance.xml,5597,,,,
5602,4,1,100000,7,gear_large_distance.xml,5597,,,,
5603,5,1,100000,7,gear_large_distance.xml,5597,,,,
5604,1,2,100000,7,gear_large_distance.xml,5597,,,,
5605,2,2,100000,7,gear_large_distance.xml,5597,,,,
5606,3,2,100000,7,gear_large_distance.xml,5597,,,,
5607,4,2,100000,7,gear_large_distance.xml,5597,,,,
5608,5,2,100000,7,gear_large_distance.xml,5597,,,,
5609,1,4,100000,7,gear_large_distance.xml,5597,,,,
5610,1,4,100000,7,gear_large_distance.xml,5597,,,,
5611,2,4,100000,7,gear_large_distance.xml,5597,,,,
5612,3,4,100000,7,gear_large_distance.xml,5597,,,,
5613,4,4,100000,7,gear_large_distance.xml,5597,,,,
5614,5,4,100000,7,gear_large_distance.xml,5597,,,,
5619,5,4,100000,7,gear_large_distance.xml,5597,,,,
5620,1,8,100000,7,gear_large_distance.xml,5597,,,,
5621,2,8,100000,7,gear_large_distance.xml,5597,,,,
5622,3,8,100000,7,gear_large_distance.xml,5597,,,,
5623,4,8,100000,7,gear_large_distance.xml,5597,,,,
5624,5,8,100000,7,gear_large_distance.xml,5597,,,,
8872,5,0,100000,6,gear_close_together.xml,8872,,,,
8876,1,9 hole aluminium,1000000,6,gear_close_together.xml,8872,,,,
8877,2,9 hole aluminium,1200000,6,gear_close_together.xml,8872,,,,
8878,3,9 hole aluminium,1200000,6,gear_close_together.xml,8872,,,,
8879,4,9 hole aluminium,1000000,6,gear_close_together.xml,8872,,,,
8880,1,9 hole aluminium,1000000,6,gear_close_together.xml,8872,,,,
8881,5,9 hole aluminium,1000000,6,gear_close_together.xml,8872,,,,
8882,5,9 hole aluminium,1000000,6,gear_close_together.xml,8872,,,,
8883,5,9 hole aluminium,1000000,6,gear_close_together.xml,8872,,,,
8884,1.2,9 hole aluminium,1000000,6,gear_close_together.xml,8872,,,,
8885,1.4,9 hole aluminium,1000000,6,gear_close_together.xml,8872,,,,
8886,1.6,9 hole aluminium,1000000,6,gear_close_together.xml,8872,,,,
8887,1.8,9 hole aluminium,1000000,6,gear_close_together.xml,8872,,,,
8888,2.2,9 hole aluminium,1200000,6,gear_close_together.xml,8872,,,,
8889,2.4,9 hole aluminium,1700000,6,gear_close_together.xml,8872,,,,
8890,2.6,9 hole aluminium,1200000,6,gear_close_together.xml,8872,,,,
8891,2.8,9 hole aluminium,1400000,6,gear_close_together.xml,8872,,,,
8892,3.2,9 hole aluminium,1000000,6,gear_close_together.xml,8872,,,,
8893,3.4,9 hole aluminium,1000000,6,gear_close_together.xml,8872,,,,
8894,3.6,9 hole aluminium,1000000,6,gear_close_together.xml,8872,,,,
8895,3.8,9 hole aluminium,1200000,6,gear_close_together.xml,8872,,,,
8896,4.2,9 hole aluminium,1000000,6,gear_close_together.xml,8872,,,,
8897,4.4,9 hole aluminium,1900000,6,gear_close_together.xml,8872,,,,
8898,4.6,9 hole aluminium,1000000,6,gear_close_together.xml,8872,,,,
8899,4.8,9 hole aluminium,1000000,6,gear_close_together.xml,8872,-200 -200 -300 -800 -1200 -1500,200 200 300 800 1200 1500,-400 -400 -400 -500 -600 -700,400 400 400 500 600 700
8900,2,watch,1000000,6,gear_close_together.xml,8900,,,,
8901,2,watch,1000000,6,gear_close_together.xml,8901,,,,
8902,5,Wafer 904 6DA00 021 Poly R 882-11 305 Top LEFT,100000,6,gear_close_together.xml,8902,,,,
8903,1,Wafer 904 6DA00 021 Poly R 882-11 305 Top LEFT,1000000,6,gear_close_together.xml,8903,,,,
8904,4,Wafer 904 6DA00 021 Poly R 882-11 305 Top LEFT,1000000,6,gear_close_together.xml,8904,,,,
8905,4,Wafer 904 6DA00 021 Poly R 882-11 305 Top LEFT,1000000,6,gear_close_together.xml,8905,,,,
8906,4,Wafer 904 6DA00 021 Poly R 882-11 305 Top LEFT,1000000,6,gear_close_together.xml,8906,,,,
8907,4,Wafer 904 6DA00 021 Poly R 882-11 305 Top LEFT,1000000,6,gear_close_together.xml,8907,,,,
8908,3,PTFE Black Tape,1000000,6,gear_close_together.xml,8908,,,,
8909,3,PTFE Black Tape and Chip,1000000,6,gear_close_together.xml,8909,,,,
8910,3,PTFE Black Tape and Chip (no collimator),100000,6,gear_close_together.xml,8910,,,,
8911,3,PTFE Black Tape and Chip (no collimator),100000,6,gear_close_together.xml,8911,,,,
8912,3,PTFE Black Tape and Chip (no collimator),100000,6,gear_close_together.xml,8912,,,,
8913,3,PTFE Black Tape and Chip (no collimator),100000,6,gear_close_together.xml,8913,,,,
8917,3,PTFE Black Tape and Chip (no collimator),100000,6,gear_close_together.xml,8917,,,,
8918,3,PTFE Black Tape and Chip (no collimator),100000,6,gear_close_together.xml,8918,,,,
8919,3,PTFE Black Tape and Chip (no collimator),100000,6,gear_close_together.xml,8919,,,,
1,5,0,1000000,6,gear_weekend.xml,1,-200 -200 -300 -1200 -1200 -1200,200 200 300 1200 1200 1200,-400 -400 -400 -400 -500 -600,400 400 400 400 500 600
2,3,Wafer 904 6DA00 021 Poly R 882-11 305 Top LEFT,750000,6,gear_weekend.xml,1,,,,
3,3,Wafer 904 6DA00 021 Poly R 882-11 305 Top LEFT,750000,6,gear_weekend.xml,1,,,,
4,3,Wafer 904 6DA00 021 Poly R 882-11 305 Top LEFT,750000,6,gear_weekend.xml,1,,,,
5,3,Wafer 904 6DA00 021 Poly R 882-11 305 Top LEFT,750000,6,gear_weekend.xml,1,,,,
6,3,Wafer 904 6DA00 021 Poly R 882-11 305 Top LEFT,750000,6,gear_weekend.xml,1,,,,
7,3,Wafer 904 6DA00 021 Poly R 882-11 305 Top LEFT,750000,6,gear_weekend.xml,1,,,,
8,3,Wafer 904 6DA00 021 Poly R 882-11 305 Top LEFT,750000,6,gear_weekend.xml,1,,,,
9,3,Wafer 904 6DA00 021 Poly R 882-11 305 Top LEFT,750000,6,gear_weekend.xml,1,,,,
10,3,Wafer 904 6DA00 021 Poly R 882-11 305 Top LEFT,750000,6,gear_weekend.xml,1,,,,
11,3,Wafer 904 6DA00 021 Poly R 882-11 305 Top LEFT,750000,6,gear_weekend.xml,1,,,,
12,3,Wafer 904 6DA00 021 Poly R 882-11 305 Top LEFT,750000,6,gear_weekend.xml,1,,,,
13,3,Wafer 904 6DA00 021 Poly R 882-11 305 Top LEFT,750000,6,gear_weekend.xml,1,,,,
14,3,Wafer 904 6DA00 021 Poly R 882-11 305 Top LEFT,750000,6,gear_weekend.xml,1,,,,
15,3,Wafer 904 6DA00 021 Poly R 882-11 305 Top LEFT,750000,6,gear_weekend.xml,1,,,,
16,3,Wafer 904 6DA00 021 Poly R 882-11 305 Top LEFT,750000,6,gear_weekend.xml,1,,,,
17,3,Wafer 904 6DA00 021 Poly R 882-11 305 Top LEFT,750000,6,gear_weekend.xml,1,,,,
18,3,Wafer 904 6DA00 021 Poly R 882-11 305 Top LEFT,750000,6,gear_weekend.xml,1,,,,
19,3,Wafer 904 6DA00 021 Poly R 882-11 305 Top LEFT,750000,6,gear_weekend.xml,1,,,,
20,3,Wafer 904 6DA00 021 Poly R 882-11 305 Top LEFT,750000,6,gear_weekend.xml,1,,,,
21,3,Wafer 904 6DA00 021 Poly R 882-11 305 Top LEFT,750000,6,gear_weekend.xml,1,,,,
22,3,Wafer 904 6DA00 021 Poly R 882-11 305 Top LEFT,750000,6,gear_weekend.xml,1,,,,
23,3,Wafer 904 6DA00 021 Poly R 882-11 305 Top LEFT,200000,6,gear_weekend.xml,1,,,,
24,3,Wafer 904 6DA00 021 Poly R 882-11 305 Top LEFT,750000,6,gear_weekend.xml,1,,,,
25,3,Wafer 904 6DA00 021 Poly R 882-11 305 Top LEFT,750000,6,gear_weekend.xml,1,,,,
26,3,Wafer 904 6DA00 021 Poly R 882-11 305 Top LEFT,750000,6,gear_weekend.xml,1,,,,
27,3,Wafer 904 6DA00 021 Poly R 882-11 305 Top LEFT,750000,6,gear_weekend.xml,1,,,,
28,3,Wafer 904 6DA00 021 Poly R 882-11 305 Top LEFT,750000,6,gear_weekend.xml,1,,,,
29,3,Wafer 904 6DA00 021 Poly R 882-11 305 Top LEFT,750000,6,gear_weekend.xml,1,,,,
30,3,Wafer 904 6DA00 021 Poly R 882-11 305 Top LEFT,750000,6,gear_weekend.xml,1,,,,
31,3,Wafer 904 6DA00 021 Poly R 882-11 305 Top LEFT,750000,6,gear_weekend.xml,1,,,,
32,3,Wafer 904 6DA00 021 Poly R 882-11 305 Top LEFT,750000,6,gear_weekend.xml,1,,,,
33,3,Wafer 904 6DA00 021 Poly R 882-11 305 Top LEFT,750000,6,gear_weekend.xml,1,,,,
34,3,Wafer 904 6DA00 021 Poly R 882-11 305 Top LEFT,750000,6,gear_weekend.xml,1,,,,
35,3,Wafer 904 6DA00 021 Poly R 882-11 305 Top LEFT,750000,6,gear_weekend.xml,1,,,,
36,3,Wafer 904 6DA00 021 Poly R 882-11 305 Top LEFT,750000,6,gear_weekend.xml,1,,,,
37,3,Wafer 904 6DA00 021 Poly R 882-11 305 Top LEFT,750000,6,gear_weekend.xml,1,,,,
38,3,Wafer 904 6DA00 021 Poly R 882-11 305 Top LEFT,750000,6,gear_weekend.xml,1,,,,
39,3,Wafer 904 6DA00 021 Poly R 882-11 305 Top LEFT,750000,6,gear_weekend.xml,1,,,,
40,3,Wafer 904 6DA00 021 Poly R 882-11 305 Top LEFT,750000,6,gear_weekend.xml,1,,,,
41,3,Wafer 904 6DA00 021 Poly R 882-11 305 Top LEFT,750000,6,gear_weekend.xml,1,,,,
42,3,Wafer 904 6DA00 021 Poly R 882-11 305 Top LEFT,750000,6,gear_weekend.xml,1,,,,
43,3,Wafer 904 6DA00 021 Poly R 882-11 305 Top LEFT,750000,6,gear_weekend.xml,1,,,,
44,3,Wafer 904 6DA00 021 Poly R 882-11 305 Top LEFT,750000,6,gear_weekend.xml,1,,,,
45,3,Wafer 904 6DA00 021 Poly R 882-11 305 Top LEFT,750000,6,gear_weekend.xml,1,,,,
46,3,Wafer 904 6DA00 021 Poly R 882-11 305 Top LEFT,750000,6,gear_weekend.xml,1,,,,
47,3,Wafer 904 6DA00 021 Poly R 882-11 305 Top LEFT,750000,6,gear_weekend.xml,1,,,,
48,3,Wafer 904 6DA00 021 Poly R 882-11 305 Top LEFT,750000,6,gear_weekend.xml,1,,,,
49,3,Wafer 904 6DA00 021 Poly R 882-11 305 Top LEFT,750000,6,gear_weekend.xml,1,,,,
50,3,Wafer 904 6DA00 021 Poly R 882-11 305 Top LEFT,750000,6,gear_weekend.xml,1,,,,
51,3,Wafer 904 6DA00 021 Poly R 882-11 305 Top LEFT,750000,6,gear_weekend.xml,1,,,,
52,3,Wafer 904 6DA00 021 Poly R 882-11 305 Top LEFT,750000,6,gear_weekend.xml,1,,,,
53,3,Wafer 904 6DA00 021 Poly R 882-11 305 Top LEFT,750000,6,gear_weekend.xml,1,,,,
54,3,Wafer 904 6DA00 021 Poly R 882-11 305 Top LEFT,750000,6,gear_weekend.xml,1,,,,
55,3,Wafer 904 6DA00 021 Poly R 882-11 305 Top LEFT,750000,6,gear_weekend.xml,1,,,,
56,3,Wafer 904 6DA00 021 Poly R 882-11 305 Top LEFT,750000,6,gear_weekend.xml,1,,,,
57,3,Wafer 904 6DA00 021 Poly R 882-11 305 Top LEFT,750000,6,gear_weekend.xml,1,,,,
58,3,Wafer 904 6DA00 021 Poly R 882-11 305 Top LEFT,750000,6,gear_weekend.xml,1,,,,
59,3,Wafer 904 6DA00 021 Poly R 882-11 305 Top LEFT,750000,6,gear_weekend.xml,1,,,,
60,3,Wafer 904 6DA00 021 Poly R 882-11 305 Top LEFT,750000,6,gear_weekend.xml,1,,,,
61,3,Wafer 904 6DA00 021 Poly R 882-11 305 Top LEFT,750000,6,gear_weekend.xml,1,,,,
62,3,Wafer 904 6DA00 021 Poly R 882-11 305 Top LEFT,750000,6,gear_weekend.xml,1,,,,
63,3,Wafer 904 6DA00 021 Poly R 882-11 305 Top LEFT,750000,6,gear_weekend.xml,1,,,,
64,3,Wafer 904 6DA00 021 Poly R 882-11 305 Top LEFT,750000,6,gear_weekend.xml,1,,,,
65,3,Wafer 904 6DA00 021 Poly R 882-11 305 Top LEFT,750000,6,gear_weekend.xml,1,,,,
66,3,Wafer 904 6DA00 021 Poly R 882-11 305 Top LEFT,750000,6,gear_weekend.xml,1,,,,
67,3,Wafer 904 6DA00 021 Poly R 882-11 305 Top LEFT,750000,6,gear_weekend.xml,1,,,,
68,3,Wafer 904 6DA00 021 Poly R 882-11 305 Top LEFT,750000,6,gear_weekend.xml,1,,,,
69,3,Wafer 904 6DA00 021 Poly R 882-11 305 Top LEFT,750000,6,gear_weekend.xml,1,,,,
70,3,Wafer 904 6DA00 021 Poly R 882-11 305 Top LEFT,750000,6,gear_weekend.xml,1,,,,
71,3,Wafer 904 6DA00 021 Poly R 882-11 305 Top LEFT,750000,6,gear_weekend.xml,1,,,,
72,3,Wafer 904 6DA00 021 Poly R 882-11 305 Top LEFT,750000,6,gear_weekend.xml,1,,,,
73,3,Wafer 904 6DA00 021 Poly R 882-11 305 Top LEFT,750000,6,gear_weekend.xml,1,,,,
74,3,Wafer 904 6DA00 021 Poly R 882-11 305 Top LEFT,750000,6,gear_weekend.xml,1,,,,
75,3,Wafer 904 6DA00 021 Poly R 882-11 305 Top LEFT,750000,6,gear_weekend.xml,1,,,,
76,3,Wafer 904 6DA00 021 Poly R 882-11 305 Top LEFT,750000,6,gear_weekend.xml,1,,,,
77,3,Wafer 904 6DA00 021 Poly R 882-11 305 Top LEFT,750000,6,gear_weekend.xml,1,,,,
78,3,Wafer 904 6DA00 021 Poly R 882-11 305 Top LEFT,750000,6,gear_weekend.xml,1,,,,
79,3,Wafer 904 6DA00 021 Poly R 882-11 305 Top LEFT,750000,6,gear_weekend.xml,1,,,,
80,3,Wafer 904 6DA00 021 Poly R 882-11 305 Top LEFT,750000,6,gear_weekend.xml,1,,,,
81,3,Wafer 904 6DA00 021 Poly R 882-11 305 Top LEFT,750000,6,gear_weekend.xml,1,,,,
82,3,Wafer 904 6DA00 021 Poly R 882-11 305 Top LEFT,750000,6,gear_weekend.xml,1,,,,
83,3,Wafer 904 6DA00 021 Poly R 882-11 305 Top LEFT,750000,6,gear_weekend.xml,1,,,,
84,3,Wafer 904 6DA00 021 Poly R 882-11 305 Top LEFT,750000,6,gear_weekend.xml,1,,,,
85,3,Wafer 904 6DA00 021 Poly R 882-11 305 Top LEFT,750000,6,gear_weekend.xml,1,,,,
86,3,Wafer 904 6DA00 021 Poly R 882-11 305 Top LEFT,750000,6,gear_weekend.xml,1,,,,
87,3,Wafer 904 6DA00 021 Poly R 882-11 305 Top LEFT,750000,6,gear_weekend.xml,1,,,,
88,3,Wafer 904 6DA00 021 Poly R 882-11 305 Top LEFT,750000,6,gear_weekend.xml,1,,,,
89,3,Wafer 904 6DA00 021 Poly R 882-11 305 Top LEFT,750000,6,gear_weekend.xml,1,,,,
90,3,Wafer 904 6DA00 021 Poly R 882-11 305 Top LEFT,750000,6,gear_weekend.xml,1,,,,
91,3,Wafer 904 6DA00 021 Poly R 882-11 305 Top LEFT,750000,6,gear_weekend.xml,1,,,,
92,3,Wafer 904 6DA00 021 Poly R 882-11 305 Top LEFT,750000,6,gear_weekend.xml,1,,,,
93,3,Wafer 904 6DA00 021 Poly R 882-11 305 Top LEFT,750000,6,gear_weekend.xml,1,,,,
94,3,Wafer 904 6DA00 021 Poly R 882-11 305 Top LEFT,750000,6,gear_weekend.xml,1,,,,
95,3,Wafer 904 6DA00 021 Poly R 882-11 305 Top LEFT,750000,6,gear_weekend.xml,1,,,,
96,3,Wafer 904 6DA00 021 Poly R 882-11 305 Top LEFT,750000,6,gear_weekend.xml,1,,,,
97,3,Wafer 904 6DA00 021 Poly R 882-11 305 Top LEFT,750000,6,gear_weekend.xml,1,,,,
98,3,Wafer 904 6DA00 021 Poly R 882-11 305 Top LEFT,750000,6,gear_weekend.xml,1,,,,
99,3,Wafer 904 6DA00 021 Poly R 882-11 305 Top LEFT,750000,6,gear_weekend.xml,1,,,,
100,3,Wafer 904 6DA00 021 Poly R 882-11 305 Top LEFT,750000,6,gear_weekend.xml,1,,,,
101,3,Wafer 904 6DA00 021 Poly R 882-11 305 Top LEFT,750000,6,gear_weekend.xml,1,,,,
102,3,Wafer 904 6DA00 021 Poly R 882-11 305 Top LEFT,750000,6,gear_weekend.xml,1,,,,
103,3,Wafer 904 6DA00 021 Poly R 882-11 305 Top LEFT,750000,6,gear_weekend.xml,1,,,,
104,3,Wafer 904 6DA00 021 Poly R 882-11 305 Top LEFT,750000,6,gear_weekend.xml,1,,,,
105,3,Wafer 904 6DA00 021 Poly R 882-11 305 Top LEFT,750000,6,gear_weekend.xml,1,,,,
106,3,Wafer 904 6DA00 021 Poly R 882-11 305 Top LEFT,750000,6,gear_weekend.xml,1,,,,
107,3,Wafer 904 6DA00 021 Poly R 882-11 305 Top LEFT,750000,6,gear_weekend.xml,1,,,,
108,3,Wafer 904 6DA00 021 Poly R 882-11 305 Top LEFT,750000,6,gear_weekend.xml,1,,,,
109,3,Wafer 904 6DA00 021 Poly R 882-11 305 Top LEFT,750000,6,gear_weekend.xml,1,,,,
110,3,Wafer 904 6DA00 021 Poly R 882-11 305 Top LEFT,750000,6,gear_weekend.xml,1,,,,
111,3,Wafer 904 6DA00 021 Poly R 882-11 305 Top LEFT,750000,6,gear_weekend.xml,1,,,,
112,3,Wafer 904 6DA00 021 Poly R 882-11 305 Top LEFT,750000,6,gear_weekend.xml,1,,,,
113,3,Wafer 904 6DA00 021 Poly R 882-11 305 Top LEFT,750000,6,gear_weekend.xml,1,,,,
114,3,Wafer 904 6DA00 021 Poly R 882-11 305 Top LEFT,750000,6,gear_weekend.xml,1,,,,
115,3,Wafer 904 6DA00 021 Poly R 882-11 305 Top LEFT,750000,6,gear_weekend.xml,1,,,,
116,3,Wafer 904 6DA00 021 Poly R 882-11 305 Top LEFT,750000,6,gear_weekend.xml,1,,,,
117,3,Wafer 904 6DA00 021 Poly R 882-11 305 Top LEFT,750000,6,gear_weekend.xml,1,,,,
118,3,Wafer 904 6DA00 021 Poly R 882-11 305 Top LEFT,750000,6,gear_weekend.xml,1,,,,
119,3,Wafer 904 6DA00 021 Poly R 882-11 305 Top LEFT,750000,6,gear_weekend.xml,1,,,,
120,3,Wafer 904 6DA00 021 Poly R 882-11 305 Top LEFT,750000,6,gear_weekend.xml,1,,,,
121,3,Wafer 904 6DA00 021 Poly R 882-11 305 Top LEFT,750000,6,gear_weekend.xml,1,,,,
122,3,Wafer 904 6DA00 021 Poly R 882-11 305 Top LEFT,750000,6,gear_weekend.xml,1,,,,
123,3,Wafer 904 6DA00 021 Poly R 882-11 305 Top LEFT,750000,6,gear_weekend.xml,1,,,,
124,3,Wafer 904 6DA00 021 Poly R 882-11 305 Top LEFT,750000,6,gear_weekend.xml,1,,,,
125,3,Wafer 904 6DA00 021 Poly R 882-11 305 Top LEFT,750000,6,gear_weekend.xml,1,,,,
126,3,Wafer 904 6DA00 021 Poly R 882-11 305 Top LEFT,750000,6,gear_weekend.xml,1,,,,
127,3,Wafer 904 6DA00 021 Poly R 882-11 305 Top LEFT,750000,6,gear_weekend.xml,1,,,,
128,3,Wafer 904 6DA00 021 Poly R 882-11 305 Top LEFT,750000,6,gear_weekend.xml,1,,,,
129,3,Wafer 904 6DA00 021 Poly R 882-11 305 Top LEFT,750000,6,gear_weekend.xml,1,,,,
130,3,Wafer 904 6DA00 021 Poly R 882-11 305 Top LEFT,750000,6,gear_weekend.xml,1,,,,
131,3,Wafer 904 6DA00 021 Poly R 882-11 305 Top LEFT,750000,6,gear_weekend.xml,1,,,,
132,3,Wafer 904 6DA00 021 Poly R 882-11 305 Top LEFT,750000,6,gear_weekend.xml,1,,,,
133,3,Wafer 904 6DA00 021 Poly R 882-11 305 Top LEFT,750000,6,gear_weekend.xml,1,,,,
134,3,Wafer 904 6DA00 021 Poly R 882-11 305 Top LEFT,750000,6,gear_weekend.xml,1,,,,
135,3,Wafer 904 6DA00 021 Poly R 882-11 305 Top LEFT,750000,6,gear_weekend.xml,1,,,,
136,3,Wafer 904 6DA00 021 Poly R 882-11 305 Top LEFT,750000,6,gear_weekend.xml,1,,,,
137,3,Wafer 904 6DA00 021 Poly R 882-11 305 Top LEFT,750000,6,gear_weekend.xml,1,,,,
138,3,Wafer 904 6DA00 021 Poly R 882-11 305 Top LEFT,750000,6,gear_weekend.xml,1,,,,
139,3,Wafer 904 6DA00 021 Poly R 882-11 305 Top LEFT,750000,6,gear_weekend.xml,1,,,,
140,3,Wafer 904 6DA00 021 Poly R 882-11 305 Top LEFT,750000,6,gear_weekend.xml,1,,,,
141,3,Wafer 904 6DA00 021 Poly R 882-11 305 Top LEFT,750000,6,gear_weekend.xml,1,,,,
142,3,Wafer 904 6DA00 021 Poly R 882-11 305 Top LEFT,750000,6,gear_weekend.xml,1,,,,
143,3,Wafer 904 6DA00 021 Poly R 882-11 305 Top LEFT,750000,6,gear_weekend.xml,1,,,,
144,3,Wafer 904 6DA00 021 Poly R 882-11 305 Top LEFT,750000,6,gear_weekend.xml,1,,,,
145,3,Wafer 904 6DA00 021 Poly R 882-11 305 Top LEFT,750000,6,gear_weekend.xml,1,,,,
146,3,Wafer 904 6DA00 021 Poly R 882-11 305 Top LEFT,750000,6,gear_weekend.xml,1,,,,
147,3,Wafer 904 6DA00 021 Poly R 882-11 305 Top LEFT,750000,6,gear_weekend.xml,1,,,,
148,3,Wafer 904 6DA00 021 Poly R 882-11 305 Top LEFT,750000,6,gear_weekend.xml,1,,,,
149,3,Wafer 904 6DA00 021 Poly R 882-11 305 Top LEFT,750000,6,gear_weekend.xml,1,,,,
150,3,Wafer 904 6DA00 021 Poly R 882-11 305 Top LEFT,750000,6,gear_weekend.xml,1,,,,
151,3,Wafer 904 6DA00 021 Poly R 882-11 305 Top LEFT,750000,6,gear_weekend.xml,1,,,,
152,3,Wafer 904 6DA00 021 Poly R 882-11 305 Top LEFT,750000,6,gear_weekend.xml,1,,,,
153,3,Wafer 904 6DA00 021 Poly R 882-11 305 Top LEFT,750000,6,gear_weekend.xml,1,,,,
154,3,Wafer 904 6DA00 021 Poly R 882-11 305 Top LEFT,750000,6,gear_weekend.xml,1,,,,
155,3,Wafer 904 6DA00 021 Poly R 882-11 305 Top LEFT,750000,6,gear_weekend.xml,1,,,,
156,3,Wafer 904 6DA00 021 Poly R 882-11 305 Top LEFT,750000,6,gear_weekend.xml,1,,,,
157,3,Wafer 904 6DA00 021 Poly R 882-11 305 Top LEFT,750000,6,gear_weekend.xml,1,,,,
158,3,Wafer 904 6DA00 021 Poly R 882-11 305 Top LEFT,750000,6,gear_weekend.xml,1,,,,
159,3,Wafer 904 6DA00 021 Poly R 882-11 305 Top LEFT,750000,6,gear_weekend.xml,1,,,,
160,3,Wafer 904 6DA00 021 Poly R 882-11 305 Top LEFT,750000,6,gear_weekend.xml,1,,,,
161,3,Wafer 904 6DA00 021 Poly R 882-11 305 Top LEFT,750000,6,gear_weekend.xml,1,,,,
162,3,Wafer 904 6DA00 021 Poly R 882-11 305 Top LEFT,750000,6,gear_weekend.xml,1,,,,
163,3,Wafer 904 6DA00 021 Poly R 882-11 305 Top LEFT,750000,6,gear_weekend.xml,1,,,,
164,3,Wafer 904 6DA00 021 Poly R 882-11 305 Top LEFT,750000,6,gear_weekend.xml,1,,,,
165,3,Wafer 904 6DA00 021 Poly R 882-11 305 Top LEFT,750000,6,gear_weekend.xml,1,,,,
166,3,Wafer 904 6DA00 021 Poly R 882-11 305 Top LEFT,750000,6,gear_weekend.xml,1,,,,
167,3,Wafer 904 6DA00 021 Poly R 882-11 305 Top LEFT,750000,6,gear_weekend.xml,1,,,,
168,3,Wafer 904 6DA00 021 Poly R 882-11 305 Top LEFT,750000,6,gear_weekend.xml,1,,,,
169,3,Wafer 904 6DA00 021 Poly R 882-11 305 Top LEFT,750000,6,gear_weekend.xml,1,,,,
170,3,Wafer 904 6DA00 021 Poly R 882-11 305 Top LEFT,750000,6,gear_weekend.xml,1,,,,
171,3,Wafer 904 6DA00 021 Poly R 882-11 305 Top LEFT,750000,6,gear_weekend.xml,1,,,,
172,3,Wafer 904 6DA00 021 Poly R 882-11 305 Top LEFT,750000,6,gear_weekend.xml,1,,,,
173,3,Wafer 904 6DA00 021 Poly R 882-11 305 Top LEFT,750000,6,gear_weekend.xml,1,,,,
174,3,Wafer 904 6DA00 021 Poly R 882-11 305 Top LEFT,750000,6,gear_weekend.xml,1,,,,
175,3,Wafer 904 6DA00 021 Poly R 882-11 305 Top LEFT,750000,6,gear_weekend.xml,1,,,,
176,3,Wafer 904 6DA00 021 Poly R 882-11 305 Top LEFT,750000,6,gear_weekend.xml,1,,,,
177,3,Wafer 904 6DA00 021 Poly R 882-11 305 Top LEFT,750000,6,gear_weekend.xml,1,,,,
178,3,Wafer 904 6DA00 021 Poly R 882-11 305 Top LEFT,750000,6,gear_weekend.xml,1,,,,
179,3,Wafer 904 6DA00 021 Poly R 882-11 305 Top LEFT,750000,6,gear_weekend.xml,1,,,,
180,3,Wafer 904 6DA00 021 Poly R 882-11 305 Top LEFT,750000,6,gear_weekend.xml,1,,,,
181,3,Wafer 904 6DA00 021 Poly R 882-11 305 Top LEFT,750000,6,gear_weekend.xml,1,,,,
182,3,Wafer 904 6DA00 021 Poly R 882-11 305 Top LEFT,750000,6,gear_weekend.xml,1,,,,
183,3,Wafer 904 6DA00 021 Poly R 882-11 305 Top LEFT,750000,6,gear_weekend.xml,1,,,,
184,3,Wafer 904 6DA00 021 Poly R 882-11 305 Top LEFT,750000,6,gear_weekend.xml,1,,,,
185,3,Wafer 904 6DA00 021 Poly R 882-11 305 Top LEFT,750000,6,gear_weekend.xml,1,,,,
186,3,Wafer 904 6DA00 021 Poly R 882-11 305 Top LEFT,750000,6,gear_weekend.xml,1,,,,
187,3,Wafer 904 6DA00 021 Poly R 882-11 305 Top LEFT,750000,6,gear_weekend.xml,1,,,,
188,3,Wafer 904 6DA00 021 Poly R 882-11 305 Top LEFT,750000,6,gear_weekend.xml,1,,,,
189,3,Wafer 904 6DA00 021 Poly R 882-11 305 Top LEFT,750000,6,gear_weekend.xml,1,,,,
190,3,Wafer 904 6DA00 021 Poly R 882-11 305 Top LEFT,750000,6,gear_weekend.xml,1,,,,
191,3,Wafer 904 6DA00 021 Poly R 882-11 305 Top LEFT,750000,6,gear_weekend.xml,1,,,,
192,3,Wafer 904 6DA00 021 Poly R 882-11 305 Top LEFT,750000,6,gear_weekend.xml,1,,,,
193,3,Wafer 904 6DA00 021 Poly R 882-11 305 Top LEFT,750000,6,gear_weekend.xml,1,,,,
194,3,Wafer 904 6DA00 021 Poly R 882-11 305 Top LEFT,750000,6,gear_weekend.xml,1,,,,
195,3,Wafer 904 6DA00 021 Poly R 882-11 305 Top LEFT,750000,6,gear_weekend.xml,1,,,,
196,3,Wafer 904 6DA00 021 Poly R 882-11 305 Top LEFT,750000,6,gear_weekend.xml,1,,,,
197,3,Wafer 904 6DA00 021 Poly R 882-11 305 Top LEFT,750000,6,gear_weekend.xml,1,,,,
198,3,Wafer 904 6DA00 021 Poly R 882-11 305 Top LEFT,750000,6,gear_weekend.xml,1,,,,
199,3,Wafer 904 6DA00 021 Poly R 882-11 305 Top LEFT,750000,6,gear_weekend.xml,1,,,,
200,3,Wafer 904 6DA00 021 Poly R 882-11 305 Top LEFT,750000,6,gear_weekend.xml,1,,,,
201,3,Wafer 904 6DA00 021 Poly R 882-11 305 Top LEFT,750000,6,gear_weekend.xml,1,,,,
202,3,Wafer 904 6DA00 021 Poly R 882-11 305 Top LEFT,750000,6,gear_weekend.xml,1,,,,
203,3,Wafer 904 6DA00 021 Poly R 882-11 305 Top LEFT,750000,6,gear_weekend.xml,1,,,,
204,3,Wafer 904 6DA00 021 Poly R 882-11 305 Top LEFT,750000,6,gear_weekend.xml,1,,,,
205,3,Wafer 904 6DA00 021 Poly R 882-11 305 Top LEFT,750000,6,gear_weekend.xml,1,,,,
206,3,Wafer 904 6DA00 021 Poly R 882-11 305 Top LEFT,750000,6,gear_weekend.xml,1,,,,
207,3,Wafer 904 6DA00 021 Poly R 882-11 305 Top LEFT,750000,6,gear_weekend.xml,1,,,,
208,3,Wafer 904 6DA00 021 Poly R 882-11 305 Top LEFT,750000,6,gear_weekend.xml,1,,,,
209,3,Wafer 904 6DA00 021 Poly R 882-11 305 Top LEFT,750000,6,gear_weekend.xml,1,,,,
210,3,Wafer 904 6DA00 021 Poly R 882-11 305 Top LEFT,750000,6,gear_weekend.xml,1,,,,
211,3,Wafer 904 6DA00 021 Poly R 882-11 305 Top LEFT,750000,6,gear_weekend.xml,1,,,,
212,3,Wafer 904 6DA00 021 Poly R 882-11 305 Top LEFT,750000,6,gear_weekend.xml,1,,,,
213,3,Wafer 904 6DA00 021 Poly R 882-11 305 Top LEFT,750000,6,gear_weekend.xml,1,,,,
214,3,Wafer 904 6DA00 021 Poly R 882-11 305 Top LEFT,750000,6,gear_weekend.xml,1,,,,
215,3,Wafer 904 6DA00 021 Poly R 882-11 305 Top LEFT,750000,6,gear_weekend.xml,1,,,,
216,3,Wafer 904 6DA00 021 Poly R 882-11 305 Top LEFT,750000,6,gear_weekend.xml,1,,,,
217,3,Wafer 904 6DA00 021 Poly R 882-11 305 Top LEFT,750000,6,gear_weekend.xml,1,,,,
218,3,Wafer 904 6DA00 021 Poly R 882-11 305 Top LEFT,750000,6,gear_weekend.xml,1,,,,
219,3,Wafer 904 6DA00 021 Poly R 882-11 305 Top LEFT,750000,6,gear_weekend.xml,1,,,,
220,3,Wafer 904 6DA00 021 Poly R 882-11 305 Top LEFT,750000,6,gear_weekend.xml,1,,,,
221,3,Wafer 904 6DA00 021 Poly R 882-11 305 Top LEFT,750000,6,gear_weekend.xml,1,,,,
222,3,Wafer 904 6DA00 021 Poly R 882-11 305 Top LEFT,750000,6,gear_weekend.xml,1,,,,
223,3,Wafer 904 6DA00 021 Poly R 882-11 305 Top LEFT,750000,6,gear_weekend.xml,1,,,,
224,3,Wafer 904 6DA00 021 Poly R 882-11 305 Top LEFT,750000,6,gear_weekend.xml,1,,,,
225,3,Wafer 904 6DA00 021 Poly R 882-11 305 Top LEFT,750000,6,gear_weekend.xml,1,,,,
226,3,Wafer 904 6DA00 021 Poly R 882-11 305 Top LEFT,750000,6,gear_weekend.xml,1,,,,
227,3,Wafer 904 6DA00 021 Poly R 882-11 305 Top LEFT,750000,6,gear_weekend.xml,1,,,,
228,3,Wafer 904 6DA00 021 Poly R 882-11 305 Top LEFT,750000,6,gear_weekend.xml,1,,,,
229,3,Wafer 904 6DA00 021 Poly R 882-11 305 Top LEFT,750000,6,gear_weekend.xml,1,,,,
230,3,Wafer 904 6DA00 021 Poly R 882-11 305 Top LEFT,750000,6,gear_weekend.xml,1,,,,
231,3,Wafer 904 6DA00 021 Poly R 882-11 305 Top LEFT,750000,6,gear_weekend.xml,1,,,,
232,3,Wafer 904 6DA00 021 Poly R 882-11 305 Top LEFT,750000,6,gear_weekend.xml,1,,,,
233,3,Wafer 904 6DA00 021 Poly R 882-11 305 Top LEFT,750000,6,gear_weekend.xml,1,,,,
234,3,Wafer 904 6DA00 021 Poly R 882-11 305 Top LEFT,750000,6,gear_weekend.xml,1,,,,
235,3,Wafer 904 6DA00 021 Poly R 882-11 305 Top LEFT,750000,6,gear_weekend.xml,1,,,,
236,3,Wafer 904 6DA00 021 Poly R 882-11 305 Top LEFT,750000,6,gear_weekend.xml,1,,,,
237,3,Wafer 904 6DA00 021 Poly R 882-11 305 Top LEFT,750000,6,gear_weekend.xml,1,,,,
238,3,Wafer 904 6DA00 021 Poly R 882-11 305 Top LEFT,750000,6,gear_weekend.xml,1,,,,
239,3,Wafer 904 6DA00 021 Poly R 882-11 305 Top LEFT,750000,6,gear_weekend.xml,1,,,,
240,3,Wafer 904 6DA00 021 Poly R 882-11 305 Top LEFT,750000,6,gear_weekend.xml,1,,,,
241,3,Wafer 904 6DA00 021 Poly R 882-11 305 Top LEFT,750000,6,gear_weekend.xml,1,,,,
242,3,Wafer 904 6DA00 021 Poly R 882-11 305 Top LEFT,750000,6,gear_weekend.xml,1,,,,
243,3,Wafer 904 6DA00 021 Poly R 882-11 305 Top LEFT,750000,6,gear_weekend.xml,1,,,,
244,3,Wafer 904 6DA00 021 Poly R 882-11 305 Top LEFT,750000,6,gear_weekend.xml,1,,,,
245,3,Wafer 904 6DA00 021 Poly R 882-11 305 Top LEFT,750000,6,gear_weekend.xml,1,,,,
246,3,Wafer 904 6DA00 021 Poly R 882-11 305 Top LEFT,750000,6,gear_weekend.xml,1,,,,
247,3,Wafer 904 6DA00 021 Poly R 882-11 305 Top LEFT,750000,6,gear_weekend.xml,1,,,,
248,3,Wafer 904 6DA00 021 Poly R 882-11 305 Top LEFT,750000,6,gear_weekend.xml,1,,,,
249,3,Wafer 904 6DA00 021 Poly R 882-11 305 Top LEFT,750000,6,gear_weekend.xml,1,,,,
250,3,Wafer 904 6DA00 021 Poly R 882-11 305 Top LEFT,750000,6,gear_weekend.xml,1,,,,
251,3,Wafer 904 6DA00 021 Poly R 882-11 305 Top LEFT,750000,6,gear_weekend.xml,1,,,,
252,3,Wafer 904 6DA00 021 Poly R 882-11 305 Top LEFT,750000,6,gear_weekend.xml,1,,,,
253,3,Wafer 904 6DA00 021 Poly R 882-11 305 Top LEFT,750000,6,gear_weekend.xml,1,,,,
254,3,Wafer 904 6DA00 021 Poly R 882-11 305 Top LEFT,750000,6,gear_weekend.xml,1,,,,
255,3,Wafer 904 6DA00 021 Poly R 882-11 305 Top LEFT,750000,6,gear_weekend.xml,1,,,,
256,3,Wafer 904 6DA00 021 Poly R 882-11 305 Top LEFT,750000,6,gear_weekend.xml,1,,,,
257,3,Wafer 904 6DA00 021 Poly R 882-11 305 Top LEFT,750000,6,gear_weekend.xml,1,,,,
258,3,Wafer 904 6DA00 021 Poly R 882-11 305 Top LEFT,750000,6,gear_weekend.xml,1,,,,
259,3,Wafer 904 6DA00 021 Poly R 882-11 305 Top LEFT,750000,6,gear_weekend.xml,1,,,,
260,3,Wafer 904 6DA00 021 Poly R 882-11 305 Top LEFT,750000,6,gear_weekend.xml,1,,,,
261,3,Wafer 904 6DA00 021 Poly R 882-11 305 Top LEFT,750000,6,gear_weekend.xml,1,,,,
262,3,Wafer 904 6DA00 021 Poly R 882-11 305 Top LEFT,750000,6,gear_weekend.xml,1,,,,
263,3,Wafer 904 6DA00 021 Poly R 882-11 305 Top LEFT,750000,6,gear_weekend.xml,1,,,,
264,3,Wafer 904 6DA00 021 Poly R 882-11 305 Top LEFT,750000,6,gear_weekend.xml,1,,,,
265,3,Wafer 904 6DA00 021 Poly R 882-11 305 Top LEFT,750000,6,gear_weekend.xml,1,,,,
266,3,Wafer 904 6DA00 021 Poly R 882-11 305 Top LEFT,750000,6,gear_weekend.xml,1,,,,
267,3,Wafer 904 6DA00 021 Poly R 882-11 305 Top LEFT,750000,6,gear_weekend.xml,1,,,,
268,3,Wafer 904 6DA00 021 Poly R 882-11 305 Top LEFT,750000,6,gear_weekend.xml,1,,,,
269,3,Wafer 904 6DA00 021 Poly R 882-11 305 Top LEFT,750000,6,gear_weekend.xml,1,,,,
270,3,Wafer 904 6DA00 021 Poly R 882-11 305 Top LEFT,750000,6,gear_weekend.xml,1,,,,
271,3,Wafer 904 6DA00 021 Poly R 882-11 305 Top LEFT,750000,6,gear_weekend.xml,1,,,,
272,3,Wafer 904 6DA00 021 Poly R 882-11 305 Top LEFT,750000,6,gear_weekend.xml,1,,,,
273,3,Wafer 904 6DA00 021 Poly R 882-11 305 Top LEFT,750000,6,gear_weekend.xml,1,,,,
274,3,Wafer 904 6DA00 021 Poly R 882-11 305 Top LEFT,750000,6,gear_weekend.xml,1,,,,
275,3,Wafer 904 6DA00 021 Poly R 882-11 305 Top LEFT,750000,6,gear_weekend.xml,1,,,,
276,3,Wafer 904 6DA00 021 Poly R 882-11 305 Top LEFT,750000,6,gear_weekend.xml,1,,,,
277,3,Wafer 904 6DA00 021 Poly R 882-11 305 Top LEFT,750000,6,gear_weekend.xml,1,,,,
278,3,Wafer 904 6DA00 021 Poly R 882-11 305 Top LEFT,750000,6,gear_weekend.xml,1,,,,
279,3,Wafer 904 6DA00 021 Poly R 882-11 305 Top LEFT,750000,6,gear_weekend.xml,1,,,,
280,3,Wafer 904 6DA00 021 Poly R 882-11 305 Top LEFT,750000,6,gear_weekend.xml,1,,,,
281,3,Wafer 904 6DA00 021 Poly R 882-11 305 Top LEFT,750000,6,gear_weekend.xml,1,,,,
282,3,Wafer 904 6DA00 021 Poly R 882-11 305 Top LEFT,750000,6,gear_weekend.xml,1,,,,
283,3,Wafer 904 6DA00 021 Poly R 882-11 305 Top LEFT,750000,6,gear_weekend.xml,1,,,,
284,3,Wafer 904 6DA00 021 Poly R 882-11 305 Top LEFT,750000,6,gear_weekend.xml,1,,,,
285,3,Wafer 904 6DA00 021 Poly R 882-11 305 Top LEFT,750000,6,gear_weekend.xml,1,,,,
286,3,Wafer 904 6DA00 021 Poly R 882-11 305 Top LEFT,750000,6,gear_weekend.xml,1,,,,
287,3,Wafer 904 6DA00 021 Poly R 882-11 305 Top LEFT,750000,6,gear_weekend.xml,1,,,,
288,3,Wafer 904 6DA00 021 Poly R 882-11 305 Top LEFT,750000,6,gear_weekend.xml,1,,,,
289,3,Wafer 904 6DA00 021 Poly R 882-11 305 Top LEFT,750000,6,gear_weekend.xml,1,,,,
290,3,Wafer 904 6DA00 021 Poly R 882-11 305 Top LEFT,750000,6,gear_weekend.xml,1,,,,
291,3,Wafer 904 6DA00 021 Poly R 882-11 305 Top LEFT,750000,6,gear_weekend.xml,1,,,,
292,3,Wafer 904 6DA00 021 Poly R 882-11 305 Top LEFT,750000,6,gear_weekend.xml,1,,,,
293,3,Wafer 904 6DA00 021 Poly R 882-11 305 Top LEFT,750000,6,gear_weekend.xml,1,,,,
294,3,Wafer 904 6DA00 021 Poly R 882-11 305 Top LEFT,750000,6,gear_weekend.xml,1,,,,
295,3,Wafer 904 6DA00 021 Poly R 882-11 305 Top LEFT,750000,6,gear_weekend.xml,1,,,,
296,3,Wafer 904 6DA00 021 Poly R 882-11 305 Top LEFT,750000,6,gear_weekend.xml,1,,,,
297,3,Wafer 904 6DA00 021 Poly R 882-11 305 Top LEFT,750000,6,gear_weekend.xml,1,,,,
298,3,Wafer 904 6DA00 021 Poly R 882-11 305 Top LEFT,750000,6,gear_weekend.xml,1,,,,
299,3,Wafer 904 6DA00 021 Poly R 882-11 305 Top LEFT,750000,6,gear_weekend.xml,1,,,,
300,3,Wafer 904 6DA00 021 Poly R 882-11 305 Top LEFT,750000,6,gear_weekend.xml,1,,,,
301,3,Wafer 904 6DA00 021 Poly R 882-11 305 Top LEFT,750000,6,gear_weekend.xml,1,,,,
302,3,Wafer 904 6DA00 021 Poly R 882-11 305 Top LEFT,750000,6,gear_weekend.xml,1,,,,
303,3,Wafer 904 6DA00 021 Poly R 882-11 305 Top LEFT,750000,6,gear_weekend.xml,1,,,,
304,3,Wafer 904 6DA00 021 Poly R 882-11 305 Top LEFT,750000,6,gear_weekend.xml,1,,,,
305,3,Wafer 904 6DA00 021 Poly R 882-11 305 Top LEFT,750000,6,gear_weekend.xml,1,,,,
306,3,Wafer 904 6DA00 021 Poly R 882-11 305 Top LEFT,750000,6,gear_weekend.xml,1,,,,
307,3,Wafer 904 6DA00 021 Poly R 882-11 305 Top LEFT,750000,6,gear_weekend.xml,1,,,,
308,3,Wafer 904 6DA00 021 Poly R 882-11 305 Top LEFT,750000,6,gear_weekend.xml,1,,,,
309,3,Wafer 904 6DA00 021 Poly R 882-11 305 Top LEFT,750000,6,gear_weekend.xml,1,,,,
310,3,Wafer 904 6DA00 021 Poly R 882-11 305 Top LEFT,750000,6,gear_weekend.xml,1,,,,
311,3,Wafer 904 6DA00 021 Poly R 882-11 305 Top LEFT,750000,6,gear_weekend.xml,1,,,,
312,3,Wafer 904 6DA00 021 Poly R 882-11 305 Top LEFT,750000,6,gear_weekend.xml,1,,,,
313,3,Wafer 904 6DA00 021 Poly R 882-11 305 Top LEFT,750000,6,gear_weekend.xml,1,,,,
314,3,Wafer 904 6DA00 021 Poly R 882-11 305 Top LEFT,750000,6,gear_weekend.xml,1,,,,
315,3,Wafer 904 6DA00 021 Poly R 882-11 305 Top LEFT,750000,6,gear_weekend.xml,1,,,,
316,3,Wafer 904 6DA00 021 Poly R 882-11 305 Top LEFT,750000,6,gear_weekend.xml,1,,,,
317,3,Wafer 904 6DA00 021 Poly R 882-11 305 Top LEFT,750000,6,gear_weekend.xml,1,,,,
318,3,Wafer 904 6DA00 021 Poly R 882-11 305 Top LEFT,750000,6,gear_weekend.xml,1,,,,
319,3,Wafer 904 6DA00 021 Poly R 882-11 305 Top LEFT,750000,6,gear_weekend.xml,1,,,,
320,3,Wafer 904 6DA00 021 Poly R 882-11 305 Top LEFT,750000,6,gear_weekend.xml,1,,,,
321,3,Wafer 904 6DA00 021 Poly R 882-11 305 Top LEFT,750000,6,gear_weekend.xml,1,,,,
322,3,Wafer 904 6DA00 021 Poly R 882-11 305 Top LEFT,750000,6,gear_weekend.xml,1,,,,
323,3,Wafer 904 6DA00 021 Poly R 882-11 305 Top LEFT,750000,6,gear_weekend.xml,1,,,,
324,3,Wafer 904 6DA00 021 Poly R 882-11 305 Top LEFT,750000,6,gear_weekend.xml,1,,,,
325,3,Wafer 904 6DA00 021 Poly R 882-11 305 Top LEFT,750000,6,gear_weekend.xml,1,,,,
326,3,Wafer 904 6DA00 021 Poly R 882-11 305 Top LEFT,750000,6,gear_weekend.xml,1,,,,
327,3,Wafer 904 6DA00 021 Poly R 882-11 305 Top LEFT,750000,6,gear_weekend.xml,1,,,,
328,3,Wafer 904 6DA00 021 Poly R 882-11 305 Top LEFT,750000,6,gear_weekend.xml,1,,,,
329,3,Wafer 904 6DA00 021 Poly R 882-11 305 Top LEFT,750000,6,gear_weekend.xml,1,,,,
330,3,Wafer 904 6DA00 021 Poly R 882-11 305 Top LEFT,750000,6,gear_weekend.xml,1,,,,
331,3,Wafer 904 6DA00 021 Poly R 882-11 305 Top LEFT,750000,6,gear_weekend.xml,1,,,,
332,3,Wafer 904 6DA00 021 Poly R 882-11 305 Top LEFT,750000,6,gear_weekend.xml,1,,,,
333,3,Wafer 904 6DA00 021 Poly R 882-11 305 Top LEFT,750000,6,gear_weekend.xml,1,,,,
334,3,Wafer 904 6DA00 021 Poly R 882-11 305 Top LEFT,750000,6,gear_weekend.xml,1,,,,
335,3,Wafer 904 6DA00 021 Poly R 882-11 305 Top LEFT,750000,6,gear_weekend.xml,1,,,,
336,3,Wafer 904 6DA00 021 Poly R 882-11 305 Top LEFT,750000,6,gear_weekend.xml,1,,,,
337,3,Wafer 904 6DA00 021 Poly R 882-11 305 Top LEFT,750000,6,gear_weekend.xml,1,,,,
338,3,Wafer 904 6DA00 021 Poly R 882-11 305 Top LEFT,750000,6,gear_weekend.xml,1,,,,
339,3,Wafer 904 6DA00 021 Poly R 882-11 305 Top LEFT,750000,6,gear_weekend.xml,1,,,,
340,3,Wafer 904 6DA00 021 Poly R 882-11 305 Top LEFT,750000,6,gear_weekend.xml,1,,,,
341,3,Wafer 904 6DA00 021 Poly R 882-11 305 Top LEFT,750000,6,gear_weekend.xml,1,,,,
342,3,Wafer 904 6DA00 021 Poly R 882-11 305 Top LEFT,750000,6,gear_weekend.xml,1,,,,
343,3,Wafer 904 6DA00 021 Poly R 882-11 305 Top LEFT,750000,6,gear_weekend.xml,1,,,,
344,3,Wafer 904 6DA00 021 Poly R 882-11 305 Top LEFT,750000,6,gear_weekend.xml,1,,,,
345,3,Wafer 904 6DA00 021 Poly R 882-11 305 Top LEFT,750000,6,gear_weekend.xml,1,,,,
346,3,Wafer 904 6DA00 021 Poly R 882-11 305 Top LEFT,750000,6,gear_weekend.xml,1,,,,
347,3,Wafer 904 6DA00 021 Poly R 882-11 305 Top LEFT,750000,6,gear_weekend.xml,1,,,,
348,3,Wafer 904 6DA00 021 Poly R 882-11 305 Top LEFT,750000,6,gear_weekend.xml,1,,,,
349,3,Wafer 904 6DA00 021 Poly R 882-11 305 Top LEFT,750000,6,gear_weekend.xml,1,,,,
350,3,Wafer 904 6DA00 021 Poly R 882-11 305 Top LEFT,750000,6,gear_weekend.xml,1,,,,
351,3,Wafer 904 6DA00 021 Poly R 882-11 305 Top LEFT,750000,6,gear_weekend.xml,1,,,,
352,3,Wafer 904 6DA00 021 Poly R 882-11 305 Top LEFT,750000,6,gear_weekend.xml,1,,,,
353,3,Wafer 904 6DA00 021 Poly R 882-11 305 Top LEFT,750000,6,gear_weekend.xml,1,,,,
354,3,Wafer 904 6DA00 021 Poly R 882-11 305 Top LEFT,750000,6,gear_weekend.xml,1,,,,
355,3,Wafer 904 6DA00 021 Poly R 882-11 305 Top LEFT,750000,6,gear_weekend.xml,1,,,,
356,3,Wafer 904 6DA00 021 Poly R 882-11 305 Top LEFT,750000,6,gear_weekend.xml,1,,,,
357,3,Wafer 904 6DA00 021 Poly R 882-11 305 Top LEFT,750000,6,gear_weekend.xml,1,,,,
358,3,Wafer 904 6DA00 021 Poly R 882-11 305 Top LEFT,750000,6,gear_weekend.xml,1,,,,
359,3,Wafer 904 6DA00 021 Poly R 882-11 305 Top LEFT,750000,6,gear_weekend.xml,1,,,,
360,3,Wafer 904 6DA00 021 Poly R 882-11 305 Top LEFT,750000,6,gear_weekend.xml,1,,,,
361,3,Wafer 904 6DA00 021 Poly R 882-11 305 Top LEFT,750000,6,gear_weekend.xml,1,,,,
362,3,Wafer 904 6DA00 021 Poly R 882-11 305 Top LEFT,750000,6,gear_weekend.xml,1,,,,
363,3,Wafer 904 6DA00 021 Poly R 882-11 305 Top LEFT,750000,6,gear_weekend.xml,1,,,,
364,3,Wafer 904 6DA00 021 Poly R 882-11 305 Top LEFT,750000,6,gear_weekend.xml,1,,,,
365,3,Wafer 904 6DA00 021 Poly R 882-11 305 Top LEFT,750000,6,gear_weekend.xml,1,,,,
366,3,Wafer 904 6DA00 021 Poly R 882-11 305 Top LEFT,750000,6,gear_weekend.xml,1,,,,
367,3,Wafer 904 6DA00 021 Poly R 882-11 305 Top LEFT,750000,6,gear_weekend.xml,1,,,,
368,3,Wafer 904 6DA00 021 Poly R 882-11 305 Top LEFT,750000,6,gear_weekend.xml,1,,,,
369,3,Wafer 904 6DA00 021 Poly R 882-11 305 Top LEFT,750000,6,gear_weekend.xml,1,,,,
370,3,Wafer 904 6DA00 021 Poly R 882-11 305 Top LEFT,750000,6,gear_weekend.xml,1,,,,
371,3,Wafer 904 6DA00 021 Poly R 882-11 305 Top LEFT,750000,6,gear_weekend.xml,1,,,,
372,3,Wafer 904 6DA00 021 Poly R 882-11 305 Top LEFT,750000,6,gear_weekend.xml,1,,,,
373,3,Wafer 904 6DA00 021 Poly R 882-11 305 Top LEFT,750000,6,gear_weekend.xml,1,,,,
374,3,Wafer 904 6DA00 021 Poly R 882-11 305 Top LEFT,750000,6,gear_weekend.xml,1,,,,
375,3,Wafer 904 6DA00 021 Poly R 882-11 305 Top LEFT,750000,6,gear_weekend.xml,1,,,,
376,3,Wafer 904 6DA00 021 Poly R 882-11 305 Top LEFT,750000,6,gear_weekend.xml,1,,,,
377,3,Wafer 904 6DA00 021 Poly R 882-11 305 Top LEFT,750000,6,gear_weekend.xml,1,,,,
378,3,Wafer 904 6DA00 021 Poly R 882-11 305 Top LEFT,750000,6,gear_weekend.xml,1,,,,
379,3,Wafer 904 6DA00 021 Poly R 882-11 305 Top LEFT,750000,6,gear_weekend.xml,1,,,,
380,3,Wafer 904 6DA00 021 Poly R 882-11 305 Top LEFT,750000,6,gear_weekend.xml,1,,,,
381,3,Wafer 904 6DA00 021 Poly R 882-11 305 Top LEFT,750000,6,gear_weekend.xml,1,,,,
382,3,Wafer 904 6DA00 021 Poly R 882-11 305 Top LEFT,750000,6,gear_weekend.xml,1,,,,
383,3,Wafer 904 6DA00 021 Poly R 882-11 305 Top LEFT,750000,6,gear_weekend.xml,1,,,,
384,3,Wafer 904 6DA00 021 Poly R 882-11 305 Top LEFT,750000,6,gear_weekend.xml,1,,,,
385,3,Wafer 904 6DA00 021 Poly R 882-11 305 Top LEFT,750000,6,gear_weekend.xml,1,,,,
386,3,Wafer 904 6DA00 021 Poly R 882-11 305 Top LEFT,750000,6,gear_weekend.xml,1,,,,
387,3,Wafer 904 6DA00 021 Poly R 882-11 305 Top LEFT,750000,6,gear_weekend.xml,1,,,,
388,3,Wafer 904 6DA00 021 Poly R 882-11 305 Top LEFT,750000,6,gear_weekend.xml,1,,,,
389,3,Wafer 904 6DA00 021 Poly R 882-11 305 Top LEFT,750000,6,gear_weekend.xml,1,,,,
390,3,Wafer 904 6DA00 021 Poly R 882-11 305 Top LEFT,750000,6,gear_weekend.xml,1,,,,
391,3,Wafer 904 6DA00 021 Poly R 882-11 305 Top LEFT,750000,6,gear_weekend.xml,1,,,,
392,3,Wafer 904 6DA00 021 Poly R 882-11 305 Top LEFT,750000,6,gear_weekend.xml,1,,,,
393,3,Wafer 904 6DA00 021 Poly R 882-11 305 Top LEFT,750000,6,gear_weekend.xml,1,,,,
394,3,Wafer 904 6DA00 021 Poly R 882-11 305 Top LEFT,750000,6,gear_weekend.xml,1,,,,
395,3,Wafer 904 6DA00 021 Poly R 882-11 305 Top LEFT,750000,6,gear_weekend.xml,1,,,,
396,3,Wafer 904 6DA00 021 Poly R 882-11 305 Top LEFT,750000,6,gear_weekend.xml,1,,,,
397,3,Wafer 904 6DA00 021 Poly R 882-11 305 Top LEFT,750000,6,gear_weekend.xml,1,,,,
398,3,Wafer 904 6DA00 021 Poly R 882-11 305 Top LEFT,750000,6,gear_weekend.xml,1,,,,
399,3,Wafer 904 6DA00 021 Poly R 882-11 305 Top LEFT,750000,6,gear_weekend.xml,1,,,,
400,3,Wafer 904 6DA00 021 Poly R 882-11 305 Top LEFT,750000,6,gear_weekend.xml,1,,,,
401,3,Wafer 904 6DA00 021 Poly R 882-11 305 Top LEFT,750000,6,gear_weekend.xml,1,,,,
402,3,Wafer 904 6DA00 021 Poly R 882-11 305 Top LEFT,750000,6,gear_weekend.xml,1,,,,
403,3,Wafer 904 6DA00 021 Poly R 882-11 305 Top LEFT,750000,6,gear_weekend.xml,1,,,,
404,3,Wafer 904 6DA00 021 Poly R 882-11 305 Top LEFT,750000,6,gear_weekend.xml,1,,,,
405,3,Wafer 904 6DA00 021 Poly R 882-11 305 Top LEFT,750000,6,gear_weekend.xml,1,,,,
406,3,Wafer 904 6DA00 021 Poly R 882-11 305 Top LEFT,750000,6,gear_weekend.xml,1,,,,
407,3,Wafer 904 6DA00 021 Poly R 882-11 305 Top LEFT,750000,6,gear_weekend.xml,1,,,,
408,3,Wafer 904 6DA00 021 Poly R 882-11 305 Top LEFT,750000,6,gear_weekend.xml,1,,,,
409,3,Wafer 904 6DA00 021 Poly R 882-11 305 Top LEFT,750000,6,gear_weekend.xml,1,,,,
410,3,Wafer 904 6DA00 021 Poly R 882-11 305 Top LEFT,750000,6,gear_weekend.xml,1,,,,
411,3,Wafer 904 6DA00 021 Poly R 882-11 305 Top LEFT,750000,6,gear_weekend.xml,1,,,,
412,3,Wafer 904 6DA00 021 Poly R 882-11 305 Top LEFT,750000,6,gear_weekend.xml,1,,,,
413,3,Wafer 904 6DA00 021 Poly R 882-11 305 Top LEFT,750000,6,gear_weekend.xml,1,,,,
414,3,Wafer 904 6DA00 021 Poly R 882-11 305 Top LEFT,750000,6,gear_weekend.xml,1,,,,
415,3,Wafer 904 6DA00 021 Poly R 882-11 305 Top LEFT,750000,6,gear_weekend.xml,1,,,,
416,3,Wafer 904 6DA00 021 Poly R 882-11 305 Top LEFT,750000,6,gear_weekend.xml,1,,,,
417,3,Wafer 904 6DA00 021 Poly R 882-11 305 Top LEFT,750000,6,gear_weekend.xml,1,,,,
418,3,Wafer 904 6DA00 021 Poly R 882-11 305 Top LEFT,750000,6,gear_weekend.xml,1,,,,
419,3,Wafer 904 6DA00 021 Poly R 882-11 305 Top LEFT,750000,6,gear_weekend.xml,1,,,,
420,3,Wafer 904 6DA00 021 Poly R 882-11 305 Top LEFT,750000,6,gear_weekend.xml,1,,,,
421,3,Wafer 904 6DA00 021 Poly R 882-11 305 Top LEFT,750000,6,gear_weekend.xml,1,,,,
422,3,Wafer 904 6DA00 021 Poly R 882-11 305 Top LEFT,750000,6,gear_weekend.xml,1,,,,
423,3,Wafer 904 6DA00 021 Poly R 882-11 305 Top LEFT,750000,6,gear_weekend.xml,1,,,,
424,3,Wafer 904 6DA00 021 Poly R 882-11 305 Top LEFT,750000,6,gear_weekend.xml,1,,,,
425,3,Wafer 904 6DA00 021 Poly R 882-11 305 Top LEFT,750000,6,gear_weekend.xml,1,,,,
426,3,Wafer 904 6DA00 021 Poly R 882-11 305 Top LEFT,750000,6,gear_weekend.xml,1,,,,
427,3,Wafer 904 6DA00 021 Poly R 882-11 305 Top LEFT,750000,6,gear_weekend.xml,1,,,,
428,3,Wafer 904 6DA00 021 Poly R 882-11 305 Top LEFT,750000,6,gear_weekend.xml,1,,,,
429,3,Wafer 904 6DA00 021 Poly R 882-11 305 Top LEFT,750000,6,gear_weekend.xml,1,,,,
430,3,Wafer 904 6DA00 021 Poly R 882-11 305 Top LEFT,750000,6,gear_weekend.xml,1,,,,
431,3,Wafer 904 6DA00 021 Poly R 882-11 305 Top LEFT,750000,6,gear_weekend.xml,1,,,,
432,3,Wafer 904 6DA00 021 Poly R 882-11 305 Top LEFT,750000,6,gear_weekend.xml,1,,,,
433,3,Wafer 904 6DA00 021 Poly R 882-11 305 Top LEFT,750000,6,gear_weekend.xml,1,,,,
434,3,Wafer 904 6DA00 021 Poly R 882-11 305 Top LEFT,750000,6,gear_weekend.xml,1,,,,
435,3,Wafer 904 6DA00 021 Poly R 882-11 305 Top LEFT,750000,6,gear_weekend.xml,1,,,,
436,3,Wafer 904 6DA00 021 Poly R 882-11 305 Top LEFT,750000,6,gear_weekend.xml,1,,,,
437,3,Wafer 904 6DA00 021 Poly R 882-11 305 Top LEFT,750000,6,gear_weekend.xml,1,,,,
438,3,Wafer 904 6DA00 021 Poly R 882-11 305 Top LEFT,750000,6,gear_weekend.xml,1,,,,
439,3,Wafer 904 6DA00 021 Poly R 882-11 305 Top LEFT,750000,6,gear_weekend.xml,1,,,,
440,3,Wafer 904 6DA00 021 Poly R 882-11 305 Top LEFT,750000,6,gear_weekend.xml,1,,,,
441,3,Wafer 904 6DA00 021 Poly R 882-11 305 Top LEFT,750000,6,gear_weekend.xml,1,,,,
442,3,Wafer 904 6DA00 021 Poly R 882-11 305 Top LEFT,750000,6,gear_weekend.xml,1,,,,
443,3,Wafer 904 6DA00 021 Poly R 882-11 305 Top LEFT,750000,6,gear_weekend.xml,1,,,,
444,3,Wafer 904 6DA00 021 Poly R 882-11 305 Top LEFT,750000,6,gear_weekend.xml,1,,,,
445,3,Wafer 904 6DA00 021 Poly R 882-11 305 Top LEFT,750000,6,gear_weekend.xml,1,,,,
446,3,Wafer 904 6DA00 021 Poly R 882-11 305 Top LEFT,750000,6,gear_weekend.xml,1,,,,
447,3,Wafer 904 6DA00 021 Poly R 882-11 305 Top LEFT,750000,6,gear_weekend.xml,1,,,,
448,3,Wafer 904 6DA00 021 Poly R 882-11 305 Top LEFT,750000,6,gear_weekend.xml,1,,,,
449,3,Wafer 904 6DA00 021 Poly R 882-11 305 Top LEFT,750000,6,gear_weekend.xml,1,,,,
450,3,Wafer 904 6DA00 021 Poly R 882-11 305 Top LEFT,750000,6,gear_weekend.xml,1,,,,
451,3,Wafer 904 6DA00 021 Poly R 882-11 305 Top LEFT,750000,6,gear_weekend.xml,1,,,,
452,3,Wafer 904 6DA00 021 Poly R 882-11 305 Top LEFT,750000,6,gear_weekend.xml,1,,,,
453,3,Wafer 904 6DA00 021 Poly R 882-11 305 Top LEFT,750000,6,gear_weekend.xml,1,,,,
454,3,Wafer 904 6DA00 021 Poly R 882-11 305 Top LEFT,750000,6,gear_weekend.xml,1,,,,
455,3,Wafer 904 6DA00 021 Poly R 882-11 305 Top LEFT,750000,6,gear_weekend.xml,1,,,,
456,3,Wafer 904 6DA00 021 Poly R 882-11 305 Top LEFT,750000,6,gear_weekend.xml,1,,,,
457,3,Wafer 904 6DA00 021 Poly R 882-11 305 Top LEFT,750000,6,gear_weekend.xml,1,,,,
458,3,Wafer 904 6DA00 021 Poly R 882-11 305 Top LEFT,750000,6,gear_weekend.xml,1,,,,
459,3,Wafer 904 6DA00 021 Poly R 882-11 305 Top LEFT,750000,6,gear_weekend.xml,1,,,,
460,3,Wafer 904 6DA00 021 Poly R 882-11 305 Top LEFT,750000,6,gear_weekend.xml,1,,,,
461,3,Wafer 904 6DA00 021 Poly R 882-11 305 Top LEFT,750000,6,gear_weekend.xml,1,,,,
462,3,Wafer 904 6DA00 021 Poly R 882-11 305 Top LEFT,750000,6,gear_weekend.xml,1,,,,
463,3,Wafer 904 6DA00 021 Poly R 882-11 305 Top LEFT,750000,6,gear_weekend.xml,1,,,,
464,3,Wafer 904 6DA00 021 Poly R 882-11 305 Top LEFT,750000,6,gear_weekend.xml,1,,,,
465,3,Wafer 904 6DA00 021 Poly R 882-11 305 Top LEFT,750000,6,gear_weekend.xml,1,,,,
466,3,Wafer 904 6DA00 021 Poly R 882-11 305 Top LEFT,750000,6,gear_weekend.xml,1,,,,
467,3,Wafer 904 6DA00 021 Poly R 882-11 305 Top LEFT,750000,6,gear_weekend.xml,1,,,,
468,3,Wafer 904 6DA00 021 Poly R 882-11 305 Top LEFT,750000,6,gear_weekend.xml,1,,,,
469,3,Wafer 904 6DA00 021 Poly R 882-11 305 Top LEFT,750000,6,gear_weekend.xml,1,,,,
470,3,Wafer 904 6DA00 021 Poly R 882-11 305 Top LEFT,750000,6,gear_weekend.xml,1,,,,
471,3,Wafer 904 6DA00 021 Poly R 882-11 305 Top LEFT,750000,6,gear_weekend.xml,1,,,,
472,3,Wafer 904 6DA00 021 Poly R 882-11 305 Top LEFT,750000,6,gear_weekend.xml,1,,,,
473,3,Wafer 904 6DA00 021 Poly R 882-11 305 Top LEFT,750000,6,gear_weekend.xml,1,,,,
474,3,Wafer 904 6DA00 021 Poly R 882-11 305 Top LEFT,750000,6,gear_weekend.xml,1,,,,
475,3,Wafer 904 6DA00 021 Poly R 882-11 305 Top LEFT,750000,6,gear_weekend.xml,1,,,,
476,3,Wafer 904 6DA00 021 Poly R 882-11 305 Top LEFT,750000,6,gear_weekend.xml,1,,,,
477,3,Wafer 904 6DA00 021 Poly R 882-11 305 Top LEFT,750000,6,gear_weekend.xml,1,,,,
478,3,Wafer 904 6DA00 021 Poly R 882-11 305 Top LEFT,750000,6,gear_weekend.xml,1,,,,
479,3,Wafer 904 6DA00 021 Poly R 882-11 305 Top LEFT,750000,6,gear_weekend.xml,1,,,,
480,3,Wafer 904 6DA00 021 Poly R 882-11 305 Top LEFT,750000,6,gear_weekend.xml,1,,,,
481,3,Wafer 904 6DA00 021 Poly R 882-11 305 Top LEFT,750000,6,gear_weekend.xml,1,,,,
482,3,Wafer 904 6DA00 021 Poly R 882-11 305 Top LEFT,750000,6,gear_weekend.xml,1,,,,
483,3,Wafer 904 6DA00 021 Poly R 882-11 305 Top LEFT,750000,6,gear_weekend.xml,1,,,,
484,3,Wafer 904 6DA00 021 Poly R 882-11 305 Top LEFT,750000,6,gear_weekend.xml,1,,,,
485,3,Wafer 904 6DA00 021 Poly R 882-11 305 Top LEFT,750000,6,gear_weekend.xml,1,,,,
486,3,Wafer 904 6DA00 021 Poly R 882-11 305 Top LEFT,750000,6,gear_weekend.xml,1,,,,
487,3,Wafer 904 6DA00 021 Poly R 882-11 305 Top LEFT,750000,6,gear_weekend.xml,1,,,,
488,3,Wafer 904 6DA00 021 Poly R 882-11 305 Top LEFT,750000,6,gear_weekend.xml,1,,,,
489,3,Wafer 904 6DA00 021 Poly R 882-11 305 Top LEFT,750000,6,gear_weekend.xml,1,,,,
490,3,Wafer 904 6DA00 021 Poly R 882-11 305 Top LEFT,750000,6,gear_weekend.xml,1,,,,
491,3,Wafer 904 6DA00 021 Poly R 882-11 305 Top LEFT,750000,6,gear_weekend.xml,1,,,,
492,1,PTFE Black Tape and Chip,750000,6,gear_weekend.xml,1,,,,
493,1,PTFE Black Tape and Chip,750000,6,gear_weekend.xml,1,,,,
494,1,PTFE Black Tape and Chip,750000,6,gear_weekend.xml,1,,,,
495,1,PTFE Black Tape and Chip,750000,6,gear_weekend.xml,1,,,,
496,1,PTFE Black Tape and Chip,750000,6,gear_weekend.xml,1,,,,
497,1,PTFE Black Tape and Chip,750000,6,gear_weekend.xml,1,,,,
498,1,PTFE Black Tape and Chip,750000,6,gear_weekend.xml,1,,,,
499,1,PTFE Black Tape and Chip,750000,6,gear_weekend.xml,1,,,,
500,1,PTFE Black Tape and Chip,750000,6,gear_weekend.xml,1,,,,
501,1,PTFE Black Tape and Chip,750000,6,gear_weekend.xml,1,,,,
502,1,PTFE Black Tape and Chip,750000,6,gear_weekend.xml,1,,,,
503,1,PTFE Black Tape and Chip,750000,6,gear_weekend.xml,1,,,,
504,1,PTFE Black Tape and Chip,750000,6,gear_weekend.xml,1,,,,
505,1,PTFE Black Tape and Chip,750000,6,gear_weekend.xml,1,,,,
506,1,PTFE Black Tape and Chip,750000,6,gear_weekend.xml,1,,,,
507,1,PTFE Black Tape and Chip,750000,6,gear_weekend.xml,1,,,,
508,1,PTFE Black Tape and Chip,750000,6,gear_weekend.xml,1,,,,
509,1,PTFE Black Tape and Chip,750000,6,gear_weekend.xml,1,,,,
510,1,PTFE Black Tape and Chip,750000,6,gear_weekend.xml,1,,,,
511,1,PTFE Black Tape and Chip,750000,6,gear_weekend.xml,1,,,,
512,1,PTFE Black Tape and Chip,750000,6,gear_weekend.xml,1,,,,
513,1,PTFE Black Tape and Chip,750000,6,gear_weekend.xml,1,,,,
514,1,PTFE Black Tape and Chip,750000,6,gear_weekend.xml,1,,,,
515,1,PTFE Black Tape and Chip,750000,6,gear_weekend.xml,1,,,,
516,1,PTFE Black Tape and Chip,750000,6,gear_weekend.xml,1,,,,
517,1,PTFE Black Tape and Chip,750000,6,gear_weekend.xml,1,,,,
518,1,PTFE Black Tape and Chip,750000,6,gear_weekend.xml,1,,,,
519,1,PTFE Black Tape and Chip,750000,6,gear_weekend.xml,1,,,,
520,1,PTFE Black Tape and Chip,750000,6,gear_weekend.xml,1,,,,
521,1,PTFE Black Tape and Chip,750000,6,gear_weekend.xml,1,,,,
522,1,PTFE Black Tape and Chip,750000,6,gear_weekend.xml,1,,,,
523,1,PTFE Black Tape and Chip,750000,6,gear_weekend.xml,1,,,,
524,1,PTFE Black Tape and Chip,750000,6,gear_weekend.xml,1,,,,
525,1,PTFE Black Tape and Chip,750000,6,gear_weekend.xml,1,,,,
526,1,PTFE Black Tape and Chip,750000,6,gear_weekend.xml,1,,,,
527,1,PTFE Black Tape and Chip,750000,6,gear_weekend.xml,1,,,,
528,1,PTFE Black Tape and Chip,750000,6,gear_weekend.xml,1,,,,
529,1,PTFE Black Tape and Chip,750000,6,gear_weekend.xml,1,,,,
530,1,PTFE Black Tape and Chip,750000,6,gear_weekend.xml,1,,,,
531,1,PTFE Black Tape and Chip,750000,6,gear_weekend.xml,1,,,,
532,1,PTFE Black Tape and Chip,750000,6,gear_weekend.xml,1,,,,
533,1,PTFE Black Tape and Chip,750000,6,gear_weekend.xml,1,,,,
534,1,PTFE Black Tape and Chip,750000,6,gear_weekend.xml,1,,,,
535,1,PTFE Black Tape and Chip,750000,6,gear_weekend.xml,1,,,,
536,1,PTFE Black Tape and Chip,750000,6,gear_weekend.xml,1,,,,
537,1,PTFE Black Tape and Chip,750000,6,gear_weekend.xml,1,,,,
538,1,PTFE Black Tape and Chip,750000,6,gear_weekend.xml,1,,,,
539,1,PTFE Black Tape and Chip,750000,6,gear_weekend.xml,1,,,,
540,1,PTFE Black Tape and Chip,750000,6,gear_weekend.xml,1,,,,
541,1,PTFE Black Tape and Chip,750000,6,gear_weekend.xml,1,,,,
542,1,PTFE Black Tape and Chip,750000,6,gear_weekend.xml,1,,,,
543,1,PTFE Black Tape and Chip,750000,6,gear_weekend.xml,1,,,,
544,1,PTFE Black Tape and Chip,750000,6,gear_weekend.xml,1,,,,
545,1,PTFE Black Tape and Chip,750000,6,gear_weekend.xml,1,,,,
546,1,PTFE Black Tape and Chip,750000,6,gear_weekend.xml,1,,,,
547,1,PTFE Black Tape and Chip,750000,6,gear_weekend.xml,1,,,,
548,1,PTFE Black Tape and Chip,750000,6,gear_weekend.xml,1,,,,
549,1,PTFE Black Tape and Chip,750000,6,gear_weekend.xml,1,,,,
550,1,PTFE Black Tape and Chip,750000,6,gear_weekend.xml,1,,,,
551,1,PTFE Black Tape and Chip,750000,6,gear_weekend.xml,1,,,,
552,1,PTFE Black Tape and Chip,750000,6,gear_weekend.xml,1,,,,
553,1,PTFE Black Tape and Chip,750000,6,gear_weekend.xml,1,,,,
554,1,PTFE Black Tape and Chip,750000,6,gear_weekend.xml,1,,,,
555,1,PTFE Black Tape and Chip,750000,6,gear_weekend.xml,1,,,,
556,1,PTFE Black Tape and Chip,750000,6,gear_weekend.xml,1,,,,
557,1,PTFE Black Tape and Chip,750000,6,gear_weekend.xml,1,,,,
558,1,PTFE Black Tape and Chip,750000,6,gear_weekend.xml,1,,,,
559,1,PTFE Black Tape and Chip,750000,6,gear_weekend.xml,1,,,,
560,1,PTFE Black Tape and Chip,750000,6,gear_weekend.xml,1,,,,
561,1,PTFE Black Tape and Chip,750000,6,gear_weekend.xml,1,,,,
562,1,PTFE Black Tape and Chip,750000,6,gear_weekend.xml,1,,,,
563,1,PTFE Black Tape and Chip,750000,6,gear_weekend.xml,1,,,,
564,1,PTFE Black Tape and Chip,750000,6,gear_weekend.xml,1,,,,
565,1,PTFE Black Tape and Chip,750000,6,gear_weekend.xml,1,,,,
566,1,PTFE Black Tape and Chip,750000,6,gear_weekend.xml,1,,,,
567,1,PTFE Black Tape and Chip,750000,6,gear_weekend.xml,1,,,,
568,1,PTFE Black Tape and Chip,750000,6,gear_weekend.xml,1,,,,
569,1,PTFE Black Tape and Chip,750000,6,gear_weekend.xml,1,,,,
570,1,PTFE Black Tape and Chip,750000,6,gear_weekend.xml,1,,,,
571,1,PTFE Black Tape and Chip,750000,6,gear_weekend.xml,1,,,,
572,1,PTFE Black Tape and Chip,750000,6,gear_weekend.xml,1,,,,
573,1,PTFE Black Tape and Chip,750000,6,gear_weekend.xml,1,,,,
574,1,PTFE Black Tape and Chip,750000,6,gear_weekend.xml,1,,,,
575,1,PTFE Black Tape and Chip,750000,6,gear_weekend.xml,1,,,,
576,1,PTFE Black Tape and Chip,750000,6,gear_weekend.xml,1,,,,
577,1,PTFE Black Tape and Chip,750000,6,gear_weekend.xml,1,,,,
578,1,PTFE Black Tape and Chip,750000,6,gear_weekend.xml,1,,,,
579,1,PTFE Black Tape and Chip,750000,6,gear_weekend.xml,1,,,,
580,1,PTFE Black Tape and Chip,750000,6,gear_weekend.xml,1,,,,
581,1,PTFE Black Tape and Chip,750000,6,gear_weekend.xml,1,,,,
582,1,PTFE Black Tape and Chip,750000,6,gear_weekend.xml,1,,,,
583,1,PTFE Black Tape and Chip,750000,6,gear_weekend.xml,1,,,,
584,1,PTFE Black Tape and Chip,750000,6,gear_weekend.xml,1,,,,
585,1,PTFE Black Tape and Chip,750000,6,gear_weekend.xml,1,,,,
586,1,PTFE Black Tape and Chip,750000,6,gear_weekend.xml,1,,,,
587,1,PTFE Black Tape and Chip,750000,6,gear_weekend.xml,1,,,,
588,1,PTFE Black Tape and Chip,750000,6,gear_weekend.xml,1,,,,
589,1,PTFE Black Tape and Chip,750000,6,gear_weekend.xml,1,,,,
590,1,PTFE Black Tape and Chip,750000,6,gear_weekend.xml,1,,,,
591,1,PTFE Black Tape and Chip,750000,6,gear_weekend.xml,1,,,,
592,1,PTFE Black Tape and Chip,750000,6,gear_weekend.xml,1,,,,
593,1,PTFE Black Tape and Chip,750000,6,gear_weekend.xml,1,,,,
594,1,PTFE Black Tape and Chip,750000,6,gear_weekend.xml,1,,,,
595,1,PTFE Black Tape and Chip,750000,6,gear_weekend.xml,1,,,,
596,1,PTFE Black Tape and Chip,750000,6,gear_weekend.xml,1,,,,
597,1,PTFE Black Tape and Chip,750000,6,gear_weekend.xml,1,,,,
598,1,PTFE Black Tape and Chip,750000,6,gear_weekend.xml,1,,,,
599,1,PTFE Black Tape and Chip,750000,6,gear_weekend.xml,1,,,,
600,1,PTFE Black Tape and Chip,750000,6,gear_weekend.xml,1,,,,
601,1,PTFE Black Tape and Chip,750000,6,gear_weekend.xml,1,,,,
602,1,PTFE Black Tape and Chip,750000,6,gear_weekend.xml,1,,,,
603,1,PTFE Black Tape and Chip,750000,6,gear_weekend.xml,1,,,,
604,1,PTFE Black Tape and Chip,750000,6,gear_weekend.xml,1,,,,
605,1,PTFE Black Tape and Chip,750000,6,gear_weekend.xml,1,,,,
606,1,PTFE Black Tape and Chip,750000,6,gear_weekend.xml,1,,,,
607,1,PTFE Black Tape and Chip,750000,6,gear_weekend.xml,1,,,,
608,1,PTFE Black Tape and Chip,750000,6,gear_weekend.xml,1,,,,
609,1,PTFE Black Tape and Chip,750000,6,gear_weekend.xml,1,,,,
610,1,PTFE Black Tape and Chip,750000,6,gear_weekend.xml,1,,,,
611,1,PTFE Black Tape and Chip,750000,6,gear_weekend.xml,1,,,,
612,1,PTFE Black Tape and Chip,750000,6,gear_weekend.xml,1,,,,
613,1,PTFE Black Tape and Chip,750000,6,gear_weekend.xml,1,,,,
614,1,PTFE Black Tape and Chip,750000,6,gear_weekend.xml,1,,,,
615,1,PTFE Black Tape and Chip,750000,6,gear_weekend.xml,1,,,,
616,1,PTFE Black Tape and Chip,750000,6,gear_weekend.xml,1,,,,
617,1,PTFE Black Tape and Chip,750000,6,gear_weekend.xml,1,,,,
618,1,PTFE Black Tape and Chip,750000,6,gear_weekend.xml,1,,,,
619,1,PTFE Black Tape and Chip,750000,6,gear_weekend.xml,1,,,,
620,1,PTFE Black Tape and Chip,750000,6,gear_weekend.xml,1,,,,
621,1,PTFE Black Tape and Chip,750000,6,gear_weekend.xml,1,,,,
622,1,PTFE Black Tape and Chip,750000,6,gear_weekend.xml,1,,,,
623,1,PTFE Black Tape and Chip,750000,6,gear_weekend.xml,1,,,,
624,1,PTFE Black Tape and Chip,750000,6,gear_weekend.xml,1,,,,
625,1,PTFE Black Tape and Chip,750000,6,gear_weekend.xml,1,,,,
626,1,PTFE Black Tape and Chip,750000,6,gear_weekend.xml,1,,,,
627,1,PTFE Black Tape and Chip,750000,6,gear_weekend.xml,1,,,,
628,1,PTFE Black Tape and Chip,750000,6,gear_weekend.xml,1,,,,
629,1,PTFE Black Tape and Chip,750000,6,gear_weekend.xml,1,,,,
630,1,PTFE Black Tape and Chip,750000,6,gear_weekend.xml,1,,,,
631,1,PTFE Black Tape and Chip,750000,6,gear_weekend.xml,1,,,,
632,1,PTFE Black Tape and Chip,750000,6,gear_weekend.xml,1,,,,
633,1,PTFE Black Tape and Chip,750000,6,gear_weekend.xml,1,,,,
634,1,PTFE Black Tape and Chip,750000,6,gear_weekend.xml,1,,,,
635,1,PTFE Black Tape and Chip,750000,6,gear_weekend.xml,1,,,,
636,1,PTFE Black Tape and Chip,750000,6,gear_weekend.xml,1,,,,
637,1,PTFE Black Tape and Chip,750000,6,gear_weekend.xml,1,,,,
638,1,PTFE Black Tape and Chip,750000,6,gear_weekend.xml,1,,,,
639,1,PTFE Black Tape and Chip,750000,6,gear_weekend.xml,1,,,,
640,1,PTFE Black Tape and Chip,750000,6,gear_weekend.xml,1,,,,
641,1,PTFE Black Tape and Chip,750000,6,gear_weekend.xml,1,,,,
642,1,PTFE Black Tape and Chip,750000,6,gear_weekend.xml,1,,,,
643,1,PTFE Black Tape and Chip,750000,6,gear_weekend.xml,1,,,,
644,1,PTFE Black Tape and Chip,750000,6,gear_weekend.xml,1,,,,
645,1,PTFE Black Tape and Chip,750000,6,gear_weekend.xml,1,,,,
646,1,PTFE Black Tape and Chip,750000,6,gear_weekend.xml,1,,,,
647,1,PTFE Black Tape and Chip,750000,6,gear_weekend.xml,1,,,,
648,1,PTFE Black Tape and Chip,750000,6,gear_weekend.xml,1,,,,
649,1,PTFE Black Tape and Chip,750000,6,gear_weekend.xml,1,,,,
650,1,PTFE Black Tape and Chip,750000,6,gear_weekend.xml,1,,,,
651,1,PTFE Black Tape and Chip,750000,6,gear_weekend.xml,1,,,,
652,1,PTFE Black Tape and Chip,750000,6,gear_weekend.xml,1,,,,
653,1,PTFE Black Tape and Chip,750000,6,gear_weekend.xml,1,,,,
654,1,PTFE Black Tape and Chip,750000,6,gear_weekend.xml,1,,,,
655,1,PTFE Black Tape and Chip,750000,6,gear_weekend.xml,1,,,,
656,1,PTFE Black Tape and Chip,750000,6,gear_weekend.xml,1,,,,
657,1,PTFE Black Tape and Chip,750000,6,gear_weekend.xml,1,,,,
658,1,PTFE Black Tape and Chip,750000,6,gear_weekend.xml,1,,,,
659,1,PTFE Black Tape and Chip,750000,6,gear_weekend.xml,1,,,,
660,1,PTFE Black Tape and Chip,750000,6,gear_weekend.xml,1,,,,
661,1,PTFE Black Tape and Chip,750000,6,gear_weekend.xml,1,,,,
662,1,PTFE Black Tape and Chip,750000,6,gear_weekend.xml,1,,,,
663,1,PTFE Black Tape and Chip,750000,6,gear_weekend.xml,1,,,,
664,1,PTFE Black Tape and Chip,750000,6,gear_weekend.xml,1,,,,
665,1,PTFE Black Tape and Chip,750000,6,gear_weekend.xml,1,,,,
666,1,PTFE Black Tape and Chip,750000,6,gear_weekend.xml,1,,,,
667,1,PTFE Black Tape and Chip,750000,6,gear_weekend.xml,1,,,,
668,1,PTFE Black Tape and Chip,750000,6,gear_weekend.xml,1,,,,
669,1,PTFE Black Tape and Chip,750000,6,gear_weekend.xml,1,,,,
670,1,PTFE Black Tape and Chip,750000,6,gear_weekend.xml,1,,,,
671,1,PTFE Black Tape and Chip,750000,6,gear_weekend.xml,1,,,,
672,1,PTFE Black Tape and Chip,750000,6,gear_weekend.xml,1,,,,
673,1,PTFE Black Tape and Chip,750000,6,gear_weekend.xml,1,,,,
674,1,PTFE Black Tape and Chip,750000,6,gear_weekend.xml,1,,,,
675,1,PTFE Black Tape and Chip,750000,6,gear_weekend.xml,1,,,,
676,1,PTFE Black Tape and Chip,750000,6,gear_weekend.xml,1,,,,
677,1,PTFE Black Tape and Chip,750000,6,gear_weekend.xml,1,,,,
678,1,PTFE Black Tape and Chip,750000,6,gear_weekend.xml,1,,,,
679,1,PTFE Black Tape and Chip,750000,6,gear_weekend.xml,1,,,,
680,1,PTFE Black Tape and Chip,750000,6,gear_weekend.xml,1,,,,
681,1,PTFE Black Tape and Chip,750000,6,gear_weekend.xml,1,,,,
682,1,PTFE Black Tape and Chip,750000,6,gear_weekend.xml,1,,,,
683,1,PTFE Black Tape and Chip,750000,6,gear_weekend.xml,1,,,,
684,1,PTFE Black Tape and Chip,750000,6,gear_weekend.xml,1,,,,
685,1,PTFE Black Tape and Chip,750000,6,gear_weekend.xml,1,,,,
686,1,PTFE Black Tape and Chip,750000,6,gear_weekend.xml,1,,,,
687,1,PTFE Black Tape and Chip,750000,6,gear_weekend.xml,1,,,,
688,1,PTFE Black Tape and Chip,750000,6,gear_weekend.xml,1,,,,
689,1,PTFE Black Tape and Chip,750000,6,gear_weekend.xml,1,,,,
690,1,PTFE Black Tape and Chip,750000,6,gear_weekend.xml,1,,,,
691,1,PTFE Black Tape and Chip,750000,6,gear_weekend.xml,1,,,,
692,1,PTFE Black Tape and Chip,750000,6,gear_weekend.xml,1,,,,
693,1,PTFE Black Tape and Chip,750000,6,gear_weekend.xml,1,,,,
694,1,PTFE Black Tape and Chip,750000,6,gear_weekend.xml,1,,,,
695,1,PTFE Black Tape and Chip,750000,6,gear_weekend.xml,1,,,,
696,1,PTFE Black Tape and Chip,750000,6,gear_weekend.xml,1,,,,
697,1,PTFE Black Tape and Chip,750000,6,gear_weekend.xml,1,,,,
698,1,PTFE Black Tape and Chip,750000,6,gear_weekend.xml,1,,,,
699,1,PTFE Black Tape and Chip,750000,6,gear_weekend.xml,1,,,,
700,1,PTFE Black Tape and Chip,750000,6,gear_weekend.xml,1,,,,
701,1,PTFE Black Tape and Chip,750000,6,gear_weekend.xml,1,,,,
702,1,PTFE Black Tape and Chip,750000,6,gear_weekend.xml,1,,,,
703,1,PTFE Black Tape and Chip,750000,6,gear_weekend.xml,1,,,,
704,1,PTFE Black Tape and Chip,750000,6,gear_weekend.xml,1,,,,
705,1,PTFE Black Tape and Chip,750000,6,gear_weekend.xml,1,,,,
706,1,PTFE Black Tape and Chip,750000,6,gear_weekend.xml,1,,,,
707,1,PTFE Black Tape and Chip,750000,6,gear_weekend.xml,1,,,,
708,1,PTFE Black Tape and Chip,750000,6,gear_weekend.xml,1,,,,
709,1,PTFE Black Tape and Chip,750000,6,gear_weekend.xml,1,,,,
710,1,PTFE Black Tape and Chip,750000,6,gear_weekend.xml,1,,,,
711,1,PTFE Black Tape and Chip,750000,6,gear_weekend.xml,1,,,,
712,1,PTFE Black Tape and Chip,750000,6,gear_weekend.xml,1,,,,
713,1,PTFE Black Tape and Chip,750000,6,gear_weekend.xml,1,,,,
714,1,PTFE Black Tape and Chip,750000,6,gear_weekend.xml,1,,,,
715,1,PTFE Black Tape and Chip,750000,6,gear_weekend.xml,1,,,,
716,1,PTFE Black Tape and Chip,750000,6,gear_weekend.xml,1,,,,
717,1,PTFE Black Tape and Chip,750000,6,gear_weekend.xml,1,,,,
718,1,PTFE Black Tape and Chip,750000,6,gear_weekend.xml,1,,,,
719,1,PTFE Black Tape and Chip,750000,6,gear_weekend.xml,1,,,,
720,1,PTFE Black Tape and Chip,750000,6,gear_weekend.xml,1,,,,
721,1,PTFE Black Tape and Chip,750000,6,gear_weekend.xml,1,,,,
722,1,PTFE Black Tape and Chip,750000,6,gear_weekend.xml,1,,,,
723,1,PTFE Black Tape and Chip,750000,6,gear_weekend.xml,1,,,,
724,1,PTFE Black Tape and Chip,750000,6,gear_weekend.xml,1,,,,
725,1,PTFE Black Tape and Chip,750000,6,gear_weekend.xml,1,,,,
726,1,PTFE Black Tape and Chip,750000,6,gear_weekend.xml,1,,,,
727,1,PTFE Black Tape and Chip,750000,6,gear_weekend.xml,1,,,,
728,1,PTFE Black Tape and Chip,750000,6,gear_weekend.xml,1,,,,
729,1,PTFE Black Tape and Chip,750000,6,gear_weekend.xml,1,,,,
730,1,PTFE Black Tape and Chip,750000,6,gear_weekend.xml,1,,,,
731,1,PTFE Black Tape and Chip,750000,6,gear_weekend.xml,1,,,,
732,1,PTFE Black Tape and Chip,750000,6,gear_weekend.xml,1,,,,
733,1,PTFE Black Tape and Chip,750000,6,gear_weekend.xml,1,,,,
734,1,PTFE Black Tape and Chip,750000,6,gear_weekend.xml,1,,,,
735,1,PTFE Black Tape and Chip,750000,6,gear_weekend.xml,1,,,,
736,1,PTFE Black Tape and Chip,750000,6,gear_weekend.xml,1,,,,
737,1,PTFE Black Tape and Chip,750000,6,gear_weekend.xml,1,,,,
738,1,PTFE Black Tape and Chip,750000,6,gear_weekend.xml,1,,,,
739,1,PTFE Black Tape and Chip,750000,6,gear_weekend.xml,1,,,,
740,1,PTFE Black Tape and Chip,750000,6,gear_weekend.xml,1,,,,
741,1,PTFE Black Tape and Chip,750000,6,gear_weekend.xml,1,,,,
742,1,PTFE Black Tape and Chip,750000,6,gear_weekend.xml,1,,,,
743,1,PTFE Black Tape and Chip,750000,6,gear_weekend.xml,1,,,,
744,1,PTFE Black Tape and Chip,750000,6,gear_weekend.xml,1,,,,
745,1,PTFE Black Tape and Chip,750000,6,gear_weekend.xml,1,,,,
746,1,PTFE Black Tape and Chip,750000,6,gear_weekend.xml,1,,,,
747,1,PTFE Black Tape and Chip,750000,6,gear_weekend.xml,1,,,,
748,1,PTFE Black Tape and Chip,750000,6,gear_weekend.xml,1,,,,
749,1,PTFE Black Tape and Chip,750000,6,gear_weekend.xml,1,,,,
750,1,PTFE Black Tape and Chip,750000,6,gear_weekend.xml,1,,,,
751,1,PTFE Black Tape and Chip,750000,6,gear_weekend.xml,1,,,,
752,1,PTFE Black Tape and Chip,750000,6,gear_weekend.xml,1,,,,
753,1,PTFE Black Tape and Chip,750000,6,gear_weekend.xml,1,,,,
756,4,Martins DUT,10000000,12,GeometryA.xml,756,,,,
757,4,Martins DUT,10000000,12,GeometryA.xml,757,,,,
758,4,Martins DUT,10000000,12,GeometryA.xml,758,,,,
759,1,Martins DUT,10000000,12,GeometryA.xml,759,,,,
762,1,Martins DUT,10000000,12,GeometryB.xml,762,,,,
764,4,Martins DUT,10000000,12,GeometryB.xml,764,,,,
765,4,Martins DUT,10000000,12,GeometryB.xml,765,,,,
766,4,Martins DUT,10000000,12,GeometryB.xml,766,,,,
767,4,Martins DUT,10000000,12,GeometryB.xml,767,,,,
769,1,Martins DUT,10000000,12,GeometryC.xml,769,,,,
770,1,Martins DUT,10000000,12,GeometryC.xml,770,,,,
772,4,Martins DUT,10000000,12,GeometryC.xml,772,,,,
773,4,Martins DUT,10000000,12,GeometryC.xml,773,,,,
774,1,Martins DUT,10000000,12,GeometryD.xml,774,,,,
775,4,Martins DUT,10000000,12,GeometryD.xml,775,,,,
779,1,Martins DUT,10000000,12,GeometryE.xml,779,,,,
780,1,Martins DUT,10000000,12,GeometryE.xml,780,,,,
781,4,Martins DUT,10000000,12,GeometryE.xml,781,,,,
782,4,Martins DUT,10000000,12,GeometryE.xml,782,,,,
783,4,Martins DUT,10000000,12,GeometryE.xml,783,,,,
784,1,Martins DUT,10000000,12,GeometryF.xml,784,,,,
785,1,Martins DUT,10000000,12,GeometryF.xml,785,,,,
786,4,Martins DUT,10000000,12,GeometryF.xml,786,,,,
787,1,Martins DUT,10000000,12,GeometryF.xml,787,,,,
788,1,Martins DUT,10000000,12,GeometryF.xml,788,,,,
789,4,Martins DUT,10000000,12,GeometryF.xml,789,,,,
790,1,Martins DUT,10000000,12,GeometryF.xml,790,,,,
791,4,Martins DUT,10000000,12,GeometryF.xml,791,,,,
792,4,Martins DUT,10000000,12,GeometryF.xml,792,,,,
793,1,Martins DUT,10000000,12,GeometryF.xml,793,,,,
794,4,Martins DUT,10000000,12,GeometryF.xml,794,,,,
805,5,0,10000000,7,gear_22072013.xml,805,,,,
806,5,0,10000000,7,gear_22072013.xml,805,,,,
807,5,0,10000000,7,gear_22072013.xml,805,,,,
808,5,0,10000000,7,gear_22072013.xml,805,,,,
809,5,0,10000000,7,gear_22072013.xml,805,,,,
810,5,0,10000000,7,gear_22072013.xml,805,,,,
811,2,1 mm Al,10000000,7,gear_22072013.xml,805,,,,
812,2,1 mm Al,10000000,7,gear_22072013.xml,805,,,,
813,2,1 mm Al,10000000,7,gear_22072013.xml,805,,,,
814,2,1 mm Al,10000000,7,gear_22072013.xml,805,,,,
815,2,1 mm Al,10000000,7,gear_22072013.xml,805,,,,
816,2,1 mm Al,10000000,7,gear_22072013.xml,805,,,,
817,2,1 mm Al,10000000,7,gear_22072013.xml,805,,,,
818,2,1 mm Al,10000000,7,gear_22072013.xml,805,,,,
819,2,1 mm Al,10000000,7,gear_22072013.xml,805,,,,
820,2,1 mm Al,10000000,7,gear_22072013.xml,805,,,,
821,2,1 mm Al,10000000,7,gear_22072013.xml,805,,,,
822,2,1 mm Al,10000000,7,gear_22072013.xml,805,,,,
823,2,1 mm Al,10000000,7,gear_22072013.xml,805,,,,
824,2,1 mm Al,10000000,7,gear_22072013.xml,805,,,,
825,2,1 mm Al,10000000,7,gear_22072013.xml,805,,,,
826,5,1 mm Al,10000000,7,gear_22072013.xml,805,,,,
827,5,1 mm Al,10000000,7,gear_22072013.xml,805,,,,
828,5,1 mm Al,10000000,7,gear_22072013.xml,805,,,,
829,5,1 mm Al,10000000,7,gear_22072013.xml,805,,,,
830,5,1 mm Al,10000000,7,gear_22072013.xml,805,,,,
831,5,1 mm Al,10000000,7,gear_22072013.xml,805,,,,
832,5,1 mm Al,10000000,7,gear_22072013.xml,805,,,,
833,5,1 mm Al,10000000,7,gear_22072013.xml,805,,,,
834,5,1 mm Al,10000000,7,gear_22072013.xml,805,,,,
835,5,1 mm Al,10000000,7,gear_22072013.xml,805,,,,
836,5,1 mm Al,10000000,7,gear_22072013.xml,805,,,,
837,5,1 mm Al,10000000,7,gear_22072013.xml,805,,,,
838,5,1 mm Al with 9 holes,10000000,7,gear_22072013.xml,883,,,,
839,5,1 mm Al with 9 holes,10000000,7,gear_22072013.xml,883,,,,
840,5,1 mm Al with 9 holes,10000000,7,gear_22072013.xml,883,,,,
841,5,1 mm Al with 9 holes,10000000,7,gear_22072013.xml,883,,,,
842,5,1 mm Al with 9 holes,10000000,7,gear_22072013.xml,883,,,,
843,5,1 mm Al with 9 holes,10000000,7,gear_22072013.xml,883,,,,
844,5,1 mm Al with 9 holes,10000000,7,gear_22072013.xml,883,,,,
845,5,1 mm Al with 9 holes,10000000,7,gear_22072013.xml,883,,,,
846,5,1 mm Al with 9 holes,10000000,7,gear_22072013.xml,883,,,,
847,5,1 mm Al with 9 holes,10000000,7,gear_22072013.xml,883,,,,
848,5,1 mm Al with 9 holes,10000000,7,gear_22072013.xml,883,,,,
849,5,1 mm Al with 9 holes,10000000,7,gear_22072013.xml,883,,,,
850,5,1 mm Al with 9 holes,10000000,7,gear_22072013.xml,883,,,,
851,5,1 mm Al with 9 holes,10000000,7,gear_22072013.xml,883,,,,
852,5,1 mm Al with 9 holes,10000000,7,gear_22072013.xml,883,,,,
853,5,1 mm Al with 9 holes,10000000,7,gear_22072013.xml,883,,,,
854,5,1 mm Al with 9 holes,10000000,7,gear_22072013.xml,883,,,,
855,5,1 mm Al with 9 holes,10000000,7,gear_22072013.xml,883,,,,
856,5,1 mm Al with 9 holes,10000000,7,gear_22072013.xml,883,,,,
857,5,1 mm Al with 9 holes,10000000,7,gear_22072013.xml,883,,,,
858,5,1 mm Al with 9 holes,10000000,7,gear_22072013.xml,883,,,,
859,5,1 mm Al with 9 holes,10000000,7,gear_22072013.xml,883,,,,
860,2,1 mm Al with 9 holes,10000000,7,gear_22072013.xml,883,,,,
861,2,1 mm Al with 9 holes,10000000,7,gear_22072013.xml,883,,,,
862,2,1 mm Al with 9 holes,10000000,7,gear_22072013.xml,883,,,,
863,2,1 mm Al with 9 holes,10000000,7,gear_22072013.xml,883,,,,
864,2,1 mm Al with 9 holes,10000000,7,gear_22072013.xml,883,,,,
865,2,1 mm Al with 9 holes,10000000,7,gear_22072013.xml,883,,,,
866,2,1 mm Al with 9 holes,10000000,7,gear_22072013.xml,883,,,,
867,2,1 mm Al with 9 holes,10000000,7,gear_22072013.xml,883,,,,
868,2,1 mm Al with 9 holes,10000000,7,gear_22072013.xml,883,,,,
869,2,1 mm Al with 9 holes,10000000,7,gear_22072013.xml,883,,,,
870,2,1 mm Al with 9 holes,10000000,7,gear_22072013.xml,883,,,,
871,2,1 mm Al with 9 holes,10000000,7,gear_22072013.xml,883,,,,
872,2,1 mm Al with 9 holes,10000000,7,gear_22072013.xml,883,,,,
873,2,1 mm Al with 9 holes,10000000,7,gear_22072013.xml,883,,,,
874,2,1 mm Al with 9 holes,10000000,7,gear_22072013.xml,883,,,,
875,2,1 mm Al with 9 holes,10000000,7,gear_22072013.xml,883,,,,
876,2,1 mm Al with 9 holes,10000000,7,gear_22072013.xml,883,,,,
877,2,1 mm Al with 9 holes,10000000,7,gear_22072013.xml,883,,,,
878,2,1 mm Al with 9 holes,10000000,7,gear_22072013.xml,883,,,,
879,2,1 mm Al with 9 holes,10000000,7,gear_22072013.xml,883,,,,
880,2,1 mm Al with 9 holes,10000000,7,gear_22072013.xml,883,,,,
881,2,1 mm Al with 9 holes,10000000,7,gear_22072013.xml,883,,,,
883,5,0,10000000,7,gear_22072013.xml,883,,,,
884,5,0,10000000,7,gear_22072013.xml,883,,,,
885,5,0,10000000,7,gear_22072013.xml,883,,,,
886,5,0,10000000,7,gear_22072013.xml,883,,,,
887,0,0,10000000,7,gear_22072013.xml,883,,,,
999001,1,NoDUT,100000,7,,999001,,,,
