,RunNumber,EnergyMagnetCurrent,TheoreticalBeamEnergy,NumberofEvents,ActualBeamEnergy,ConfigFile,Threshold,MaterialType,MaterialThickness,MaterialThicknessError,RawFileSize,Collimator,GearFile,DUTPosition,Date
,5261,75,2,106685,2.43,config_coinc_19122012,7,None,0,0,71,Unknown,gear_x0_19122012.xml,41,19/12/2012
,5262,112,3,102450,3.63,config_coinc_19122012,7,None,0,0,67,Unknown,gear_x0_19122012.xml,41,19/12/2012
,5263,187,5,3026,5.9,config_coinc_19122012,7,None,0,0,1.5,Unknown,gear_x0_19122012.xml,41,19/12/2012
,5264,150,4,100176,4.76,config_coinc_19122012,7,None,0,0,52,Unknown,gear_x0_19122012.xml,41,19/12/2012
,5265,75,2,103029,2.43,config_coinc_19122012,7,Aluminium,1.001,0.0053,72,Unknown,gear_x0_19122012.xml,41,19/12/2012
,5266,37,1,102517,1.29,config_coinc_19122012,7,Aluminium,1.001,0.0053,63,Unknown,gear_x0_19122012.xml,41,19/12/2012
,5267,150,4,100751,4.76,config_coinc_19122012,7,Aluminium,1.001,0.0053,57,Unknown,gear_x0_19122012.xml,41,19/12/2012
,5268,37,1,102210,1.29,config_coinc_19122012,7,Aluminium,2.001,0.0053,63,Unknown,gear_x0_19122012.xml,41,19/12/2012
,5269,75,2,102831,2.43,config_coinc_19122012,7,Aluminium,2.001,0.0053,77,Unknown,gear_x0_19122012.xml,41,19/12/2012
,5270,150,4,100256,4.76,config_coinc_19122012,7,Aluminium,2.001,0.0053,56,Unknown,gear_x0_19122012.xml,41,19/12/2012
,5271,37,1,101697,1.29,config_coinc_19122012,7,Aluminium,4.005,0.0074,63,Unknown,gear_x0_19122012.xml,41,19/12/2012
,5272,75,2,106699,2.43,config_coinc_19122012,7,Aluminium,4.005,0.0074,77,Unknown,gear_x0_19122012.xml,41,19/12/2012
,5273,150,4,101091,4.76,config_coinc_19122012,7,Aluminium,4.005,0.0074,58,Unknown,gear_x0_19122012.xml,41,19/12/2012
,5274,37,1,101912,1.29,config_coinc_19122012,7,Aluminium,7.992,0.0127,62,Unknown,gear_x0_19122012.xml,41,19/12/2012
,5275,75,2,102527,2.43,config_coinc_19122012,7,Aluminium,7.992,0.0127,77,Unknown,gear_x0_19122012.xml,41,19/12/2012
,5276,150,4,101408,4.76,config_coinc_19122012,7,Aluminium,7.992,0.0127,57,Unknown,gear_x0_19122012.xml,41,19/12/2012
,5277,37,1,101518,1.29,config_coinc_19122012,7,None,0,0,61,Unknown,gear_x0_19122012.xml,41,19/12/2012
,5562,37,1,104222,1.29,config_coinc_22012013a,7,Aluminium,0,0,71,Unknown,gear_x0_22012013,160,22/01/2013
,5563,75,2,104904,2.43,config_coinc_22012013a,7,Aluminium,0,0,83,Unknown,gear_x0_22012013,160,22/01/2013
,5564,112,3,100947,3.63,config_coinc_22012013a,7,Aluminium,0,0,73,Unknown,gear_x0_22012013,160,22/01/2013
,5565,150,4,101088,4.76,config_coinc_22012013a,7,Aluminium,0,0,58,Unknown,gear_x0_22012013,160,22/01/2013
,5566,187,5,101828,5.9,config_coinc_22012013a,7,Aluminium,0,0,47,Unknown,gear_x0_22012013,160,22/01/2013
,5567,37,1,137530,1.29,config_coinc_22012013a,7,Aluminium,1.001,0.0053,92,Unknown,gear_x0_22012013,160,22/01/2013
,5568,75,2,115746,2.43,config_coinc_22012013a,7,Aluminium,1.001,0.0053,88,Unknown,gear_x0_22012013,160,22/01/2013
,5569,112,3,100134,3.63,config_coinc_22012013a,7,Aluminium,1.001,0.0053,73,Unknown,gear_x0_22012013,160,22/01/2013
,5570,150,4,103620,4.76,config_coinc_22012013a,7,Aluminium,1.001,0.0053,61,Unknown,gear_x0_22012013,160,22/01/2013
,5571,187,5,1005991,5.9,config_coinc_22012013a,7,Aluminium,1.001,0.0053,463,Unknown,gear_x0_22012013,160,22/01/2013
,5573,37,1,106351,1.29,config_coinc_22012013a,7,Aluminium,1.992,0.0056,68,Unknown,gear_x0_22012013,160,22/01/2013
,5574,75,2,103794,2.43,config_coinc_22012013a,7,Aluminium,1.992,0.0056,93,Unknown,gear_x0_22012013,160,22/01/2013
,5575,112,3,100950,3.63,config_coinc_22012013a,7,Aluminium,1.992,0.0056,86,Unknown,gear_x0_22012013,160,22/01/2013
,5576,150,4,108357,4.76,config_coinc_22012013a,7,Aluminium,1.992,0.0056,72,Unknown,gear_x0_22012013,160,22/01/2013
,5577,187,5,105118,5.9,config_coinc_22012013a,7,Aluminium,1.992,0.0056,49,Unknown,gear_x0_22012013,160,22/01/2013
,5578,37,1,104782,1.29,config_coinc_22012013a,7,Aluminium,3.999,0.0089,73,Unknown,gear_x0_22012013,160,22/01/2013
,5579,75,2,101421,2.43,config_coinc_22012013a,7,Aluminium,3.999,0.0089,78,Unknown,gear_x0_22012013,160,22/01/2013
,5580,112,3,101681,3.63,config_coinc_22012013a,7,Aluminium,3.999,0.0089,82,Unknown,gear_x0_22012013,160,22/01/2013
,5581,150,4,100753,4.76,config_coinc_22012013a,7,Aluminium,3.999,0.0089,61,Unknown,gear_x0_22012013,160,22/01/2013
,5582,187,5,207582,5.9,config_coinc_22012013a,7,Aluminium,3.999,0.0089,96,Unknown,gear_x0_22012013,160,22/01/2013
,5584,37,1,104037,1.29,config_coinc_22012013a,7,Aluminium,7.992,0.0127,74,Unknown,gear_x0_22012013,160,22/01/2013
,5585,75,2,102016,2.43,config_coinc_22012013a,7,Aluminium,7.992,0.0127,84,Unknown,gear_x0_22012013,160,22/01/2013
,5586,112,3,137033,3.63,config_coinc_22012013a,7,Aluminium,7.992,0.0127,105,Unknown,gear_x0_22012013,160,22/01/2013
,5587,112,3,100497,3.63,config_coinc_22012013a,7,Aluminium,7.992,0.0127,76,Unknown,gear_x0_22012013,160,22/01/2013
,5588,150,4,100770,4.76,config_coinc_22012013a,7,Aluminium,7.992,0.0127,60,Unknown,gear_x0_22012013,160,22/01/2013
,5589,187,5,20148,5.9,config_coinc_22012013a,7,Aluminium,7.992,0.0127,9.3,Unknown,gear_x0_22012013,160,22/01/2013
,5590,187,5,100041,5.9,config_coinc_22012013a,7,Aluminium,7.992,0.0127,47,Unknown,gear_x0_22012013,160,22/01/2013
,5593,37,1,102029,1.29,config_coinc_22012013a,7,Aluminium,0,0,71,Unknown,gear_x0_25012013,46.8,25/01/2013
,5594,75,2,102644,2.43,config_coinc_22012013a,7,Aluminium,0,0,84,Unknown,gear_x0_25012013,46.8,25/01/2013
,5595,112,3,119476,3.63,config_coinc_22012013a,7,Aluminium,0,0,89,Unknown,gear_x0_25012013,46.8,25/01/2013
,5596,150,4,100628,4.76,config_coinc_22012013a,7,Aluminium,0,0,60,Unknown,gear_x0_25012013,46.8,25/01/2013
,5597,187,5,104810,5.9,config_coinc_22012013a,7,Aluminium,0,0,49,Unknown,gear_x0_25012013,46.8,25/01/2013
,5598,37,1,107204,1.29,config_coinc_22012013a,7,Aluminium,0.996,0.0094,52,Unknown,gear_x0_25012013,46.8,25/01/2013
,5599,75,2,137029,2.43,config_coinc_22012013a,7,Aluminium,0.996,0.0094,86,Unknown,gear_x0_25012013,46.8,25/01/2013
,5600,112,3,14645,3.63,config_coinc_22012013a,7,Aluminium,0.996,0.0094,77,Unknown,gear_x0_25012013,46.8,25/01/2013
,5602,150,4,101440,4.76,config_coinc_22012013a,7,Aluminium,0.996,0.0094,60,Unknown,gear_x0_25012013,46.8,25/01/2013
,5603,187,5,119664,5.9,config_coinc_22012013a,7,Aluminium,0.996,0.0094,56,Unknown,gear_x0_25012013,46.8,25/01/2013
,5604,37,1,101373,1.29,config_coinc_22012013a,7,Aluminium,1.992,0.0056,70,Unknown,gear_x0_25012013,46.8,25/01/2013
,5605,75,2,101934,2.43,config_coinc_22012013a,7,Aluminium,1.992,0.0056,83,Unknown,gear_x0_25012013,46.8,25/01/2013
,5606,112,3,105698,3.63,config_coinc_22012013a,7,Aluminium,1.992,0.0056,80,Unknown,gear_x0_25012013,46.8,25/01/2013
,5607,150,4,115699,4.76,config_coinc_22012013a,7,Aluminium,1.992,0.0056,92,Unknown,gear_x0_25012013,46.8,25/01/2013
,5608,187,5,100047,5.9,config_coinc_22012013a,7,Aluminium,1.992,0.0056,47,Unknown,gear_x0_25012013,46.8,25/01/2013
,5609,37,1,141932,1.29,config_coinc_22012013a,7,Aluminium,3.999,0.0089,98,Unknown,gear_x0_25012013,46.8,25/01/2013
,5611,75,2,101284,2.43,config_coinc_22012013a,7,Aluminium,3.999,0.0089,84,Unknown,gear_x0_25012013,46.8,25/01/2013
,5612,112,3,101512,3.63,config_coinc_22012013a,7,Aluminium,3.999,0.0089,78,Unknown,gear_x0_25012013,46.8,25/01/2013
,5613,150,4,100461,4.76,config_coinc_22012013a,7,Aluminium,3.999,0.0089,61,Unknown,gear_x0_25012013,46.8,25/01/2013
,5614,187,5,44727,5.9,config_coinc_22012013a,7,Aluminium,3.999,0.0089,21,Unknown,gear_x0_25012013,46.8,25/01/2013
,5619,187,5,70713,5.9,config_coinc_22012013a,7,Aluminium,3.999,0.0089,33,Unknown,gear_x0_25012013,46.8,25/01/2013
,5620,37,1,101857,1.29,config_coinc_22012013b,7,Aluminium,7.992,0.0127,93,Unknown,gear_x0_25012013,46.8,25/01/2013
,5621,75,2,101558,2.43,config_coinc_22012013b,7,Aluminium,7.992,0.0127,123,Unknown,gear_x0_25012013,46.8,25/01/2013
,5622,112,3,101338,3.63,config_coinc_22012013b,7,Aluminium,7.992,0.0127,106,Unknown,gear_x0_25012013,46.8,25/01/2013
,5623,150,4,102062,4.76,config_coinc_22012013b,7,Aluminium,7.992,0.0127,77,Unknown,gear_x0_25012013,46.8,25/01/2013
,5624,187,5,105272,5.9,config_coinc_22012013b,7,Aluminium,7.992,0.0127,49,Unknown,gear_x0_25012013,46.8,25/01/2013
,8872,187,5,105006,5.9,config_coinc_08042013,6,None,0,N/A,52,Unknown,gear_x0_08042013,5.1,8/4/2013
,8876,37,1,1002420,1.29,config_coinc_08042013,6,Aluminium with 9 holes,N/A,N/A,981,Unknown,gear_x0_08042013,5.1,8/4/2013
,8877,75,2,1257291,2.43,config_coinc_08042013,6,Aluminium with 9 holes,N/A,N/A,1600,Unknown,gear_x0_08042013,5.1,8/4/2013
,8878,112,3,1209297,3.63,config_coinc_08042013,6,Aluminium with 9 holes,N/A,N/A,1400,Unknown,gear_x0_08042013,5.1,8/4/2013
,8879,150,4,1051839,4.76,config_coinc_08042013,6,Aluminium with 9 holes,N/A,N/A,921,Unknown,gear_x0_08042013,5.1,8/4/2013
,8880,37,1,N/A,1.29,config_coinc_08042013,6,Aluminium with 9 holes,N/A,N/A,2000,Unknown,gear_x0_08042013,5.1,8/4/2013
,8883,187,5,N/A,5.9,config_coinc_08042013,6,Aluminium with 9 holes,N/A,N/A,2000,Unknown,gear_x0_08042013,5.1,8/4/2013
,8884,,1.2,1091008,,config_coinc_08042013,6,Aluminium with 9 holes,N/A,N/A,1300,Unknown,gear_x0_08042013,5.1,8/4/2013
,8885,,1.4,,,config_coinc_08042013,6,Aluminium with 9 holes,N/A,N/A,2000,Unknown,gear_x0_08042013,5.1,8/4/2013
,8886,,1.6,,,config_coinc_08042013,6,Aluminium with 9 holes,N/A,N/A,2000,Unknown,gear_x0_08042013,5.1,8/4/2013
,8887,,1.8,,,config_coinc_08042013,6,Aluminium with 9 holes,N/A,N/A,1300,Unknown,gear_x0_08042013,5.1,8/4/2013
,8888,,2.2,,,config_coinc_08042013,6,Aluminium with 9 holes,N/A,N/A,1600,Unknown,gear_x0_08042013,5.1,8/4/2013
,8889,,2.4,,,config_coinc_08042013,6,Aluminium with 9 holes,N/A,N/A,188,Unknown,gear_x0_08042013,5.1,8/4/2013
,8890,,2.6,,,config_coinc_08042013,6,Aluminium with 9 holes,N/A,N/A,1500,Unknown,gear_x0_08042013,5.1,8/4/2013
,8891,,2.8,,,config_coinc_08042013,6,Aluminium with 9 holes,N/A,N/A,1700,Unknown,gear_x0_08042013,5.1,8/4/2013
,8892,,3.2,,,config_coinc_08042013,6,Aluminium with 9 holes,N/A,N/A,1200,Unknown,gear_x0_08042013,5.1,8/4/2013
,8893,,3.4,,,config_coinc_08042013,6,Aluminium with 9 holes,N/A,N/A,1100,Unknown,gear_x0_08042013,5.1,8/4/2013
,8894,,3.6,,,config_coinc_08042013,6,Aluminium with 9 holes,N/A,N/A,982,Unknown,gear_x0_08042013,5.1,8/4/2013
,8895,,3.8,,,config_coinc_08042013,6,Aluminium with 9 holes,N/A,N/A,1200,Unknown,gear_x0_08042013,5.1,8/4/2013
,8896,,4.2,,,config_coinc_08042013,6,Aluminium with 9 holes,N/A,N/A,847,Unknown,gear_x0_08042013,5.1,8/4/2013
,8897,,4.4,,,config_coinc_08042013,6,Aluminium with 9 holes,N/A,N/A,1300,Unknown,gear_x0_08042013,5.1,8/4/2013
,8898,,4.6,,,config_coinc_08042013,6,Aluminium with 9 holes,N/A,N/A,615,Unknown,gear_x0_08042013,5.1,8/4/2013
,8899,,4.8,,,config_coinc_08042013,6,Aluminium with 9 holes,N/A,N/A,548,Unknown,gear_x0_08042013,5.1,8/4/2013
,8900,75,2,,,config_coinc_08042013,6,My Watch,N/A,N/A,2000,Unknown,gear_x0_08042013,5.1,8/4/2013
,8901,75,2,,,config_coinc_08042013,6,My Watch,N/A,N/A,2000,Unknown,gear_x0_08042013,5.1,8/4/2013
,8902,187,5,,,config_coinc_08042013,6,Wafer 904 6DA00 021 POLY R 882-11 30T Top LEFT,N/A,N/A,50,Unknown,gear_x0_08042013,5.1,8/4/2013
,8903,37,1,,,config_coinc_08042013,6,Wafer 904 6DA00 021 POLY R 882-11 30T Top LEFT,N/A,N/A,537,Unknown,gear_x0_08042013,5.1,8/4/2013
,8904,150,4,,,config_coinc_08042013,6,Wafer 904 6DA00 021 POLY R 882-11 30T Top LEFT,N/A,N/A,2000,Unknown,gear_x0_08042013,5.1,8/4/2013
,8905,150,4,,,config_coinc_08042013,6,Wafer 904 6DA00 021 POLY R 882-11 30T Top LEFT,N/A,N/A,2000,Unknown,gear_x0_08042013,5.1,8/4/2013
,8906,150,4,,,config_coinc_08042013,6,Wafer 904 6DA00 021 POLY R 882-11 30T Top LEFT,N/A,N/A,2000,Unknown,gear_x0_08042013,5.1,8/4/2013
,8907,150,4,,,config_coinc_08042013,6,Wafer 904 6DA00 021 POLY R 882-11 30T Top LEFT,N/A,N/A,2000,Unknown,gear_x0_08042013,5.1,8/4/2013
,8908,112,3,,,config_coinc_08042013,6,Black PTFE Tape,N/A,N/A,1100,Unknown,gear_x0_08042013,5.1,8/4/2013
,8909,112,3,,,config_coinc_08042013,6,Black PTFE Tape Plus Chip,N/A,N/A,1200,Unknown,gear_x0_08042013,5.1,8/4/2013
,1,187,5,,,config_coinc_19042013,,None,0,0,,,,,
,2,112,3,,,config_coinc_19042013,,Chip,,,,,,,
,3,112,3,,,config_coinc_19042013,,Chip,,,,,,,
,4,112,3,,,config_coinc_19042013,,Chip,,,,,,,
,5,112,3,,,config_coinc_19042013,,Chip,,,,,,,
,6,112,3,,,config_coinc_19042013,,Chip,,,,,,,
,7,112,3,,,config_coinc_19042013,,Chip,,,,,,,
,8,112,3,,,config_coinc_19042013,,Chip,,,,,,,
,9,112,3,,,config_coinc_19042013,,Chip,,,,,,,
,10,112,3,,,config_coinc_19042013,,Chip,,,,,,,
,11,112,3,,,config_coinc_19042013,,Chip,,,,,,,
,12,112,3,,,config_coinc_19042013,,Chip,,,,,,,
,13,112,3,,,config_coinc_19042013,,Chip,,,,,,,
,14,112,3,,,config_coinc_19042013,,Chip,,,,,,,
,15,112,3,,,config_coinc_19042013,,Chip,,,,,,,
,16,112,3,,,config_coinc_19042013,,Chip,,,,,,,
,17,112,3,,,config_coinc_19042013,,Chip,,,,,,,
,18,112,3,,,config_coinc_19042013,,Chip,,,,,,,
,19,112,3,,,config_coinc_19042013,,Chip,,,,,,,
,20,112,3,,,config_coinc_19042013,,Chip,,,,,,,
,21,112,3,,,config_coinc_19042013,,Chip,,,,,,,
,22,112,3,,,config_coinc_19042013,,Chip,,,,,,,
,23,112,3,,,config_coinc_19042013,,Chip,,,,,,,
,24,112,3,,,config_coinc_19042013,,Chip,,,,,,,
,25,112,3,,,config_coinc_19042013,,Chip,,,,,,,
,26,112,3,,,config_coinc_19042013,,Chip,,,,,,,
,27,112,3,,,config_coinc_19042013,,Chip,,,,,,,
,28,112,3,,,config_coinc_19042013,,Chip,,,,,,,
,29,112,3,,,config_coinc_19042013,,Chip,,,,,,,
,30,112,3,,,config_coinc_19042013,,Chip,,,,,,,
,31,112,3,,,config_coinc_19042013,,Chip,,,,,,,
,32,112,3,,,config_coinc_19042013,,Chip,,,,,,,
,33,112,3,,,config_coinc_19042013,,Chip,,,,,,,
,34,112,3,,,config_coinc_19042013,,Chip,,,,,,,
,35,112,3,,,config_coinc_19042013,,Chip,,,,,,,
,36,112,3,,,config_coinc_19042013,,Chip,,,,,,,
,37,112,3,,,config_coinc_19042013,,Chip,,,,,,,
,38,112,3,,,config_coinc_19042013,,Chip,,,,,,,
,39,112,3,,,config_coinc_19042013,,Chip,,,,,,,
,40,112,3,,,config_coinc_19042013,,Chip,,,,,,,
,41,112,3,,,config_coinc_19042013,,Chip,,,,,,,
,42,112,3,,,config_coinc_19042013,,Chip,,,,,,,
,43,112,3,,,config_coinc_19042013,,Chip,,,,,,,
,44,112,3,,,config_coinc_19042013,,Chip,,,,,,,
,45,112,3,,,config_coinc_19042013,,Chip,,,,,,,
,46,112,3,,,config_coinc_19042013,,Chip,,,,,,,
,47,112,3,,,config_coinc_19042013,,Chip,,,,,,,
,48,112,3,,,config_coinc_19042013,,Chip,,,,,,,
,49,112,3,,,config_coinc_19042013,,Chip,,,,,,,
,50,112,3,,,config_coinc_19042013,,Chip,,,,,,,
,51,112,3,,,config_coinc_19042013,,Chip,,,,,,,
,52,112,3,,,config_coinc_19042013,,Chip,,,,,,,
,53,112,3,,,config_coinc_19042013,,Chip,,,,,,,
,54,112,3,,,config_coinc_19042013,,Chip,,,,,,,
,55,112,3,,,config_coinc_19042013,,Chip,,,,,,,
,56,112,3,,,config_coinc_19042013,,Chip,,,,,,,
,57,112,3,,,config_coinc_19042013,,Chip,,,,,,,
,58,112,3,,,config_coinc_19042013,,Chip,,,,,,,
,59,112,3,,,config_coinc_19042013,,Chip,,,,,,,
,60,112,3,,,config_coinc_19042013,,Chip,,,,,,,
,61,112,3,,,config_coinc_19042013,,Chip,,,,,,,
,62,112,3,,,config_coinc_19042013,,Chip,,,,,,,
,63,112,3,,,config_coinc_19042013,,Chip,,,,,,,
,64,112,3,,,config_coinc_19042013,,Chip,,,,,,,
,65,112,3,,,config_coinc_19042013,,Chip,,,,,,,
,66,112,3,,,config_coinc_19042013,,Chip,,,,,,,
,67,112,3,,,config_coinc_19042013,,Chip,,,,,,,
,68,112,3,,,config_coinc_19042013,,Chip,,,,,,,
,69,112,3,,,config_coinc_19042013,,Chip,,,,,,,
,70,112,3,,,config_coinc_19042013,,Chip,,,,,,,
,71,112,3,,,config_coinc_19042013,,Chip,,,,,,,
,72,112,3,,,config_coinc_19042013,,Chip,,,,,,,
,73,112,3,,,config_coinc_19042013,,Chip,,,,,,,
,74,112,3,,,config_coinc_19042013,,Chip,,,,,,,
,75,112,3,,,config_coinc_19042013,,Chip,,,,,,,
,76,112,3,,,config_coinc_19042013,,Chip,,,,,,,
,77,112,3,,,config_coinc_19042013,,Chip,,,,,,,
,78,112,3,,,config_coinc_19042013,,Chip,,,,,,,
,79,112,3,,,config_coinc_19042013,,Chip,,,,,,,
,80,112,3,,,config_coinc_19042013,,Chip,,,,,,,
,81,112,3,,,config_coinc_19042013,,Chip,,,,,,,
,82,112,3,,,config_coinc_19042013,,Chip,,,,,,,
,83,112,3,,,config_coinc_19042013,,Chip,,,,,,,
,84,112,3,,,config_coinc_19042013,,Chip,,,,,,,
,85,112,3,,,config_coinc_19042013,,Chip,,,,,,,
,86,112,3,,,config_coinc_19042013,,Chip,,,,,,,
,87,112,3,,,config_coinc_19042013,,Chip,,,,,,,
,88,112,3,,,config_coinc_19042013,,Chip,,,,,,,
,89,112,3,,,config_coinc_19042013,,Chip,,,,,,,
,90,112,3,,,config_coinc_19042013,,Chip,,,,,,,
,91,112,3,,,config_coinc_19042013,,Chip,,,,,,,
,92,112,3,,,config_coinc_19042013,,Chip,,,,,,,
,93,112,3,,,config_coinc_19042013,,Chip,,,,,,,
,94,112,3,,,config_coinc_19042013,,Chip,,,,,,,
,95,112,3,,,config_coinc_19042013,,Chip,,,,,,,
,96,112,3,,,config_coinc_19042013,,Chip,,,,,,,
,97,112,3,,,config_coinc_19042013,,Chip,,,,,,,
,98,112,3,,,config_coinc_19042013,,Chip,,,,,,,
,99,112,3,,,config_coinc_19042013,,Chip,,,,,,,
,100,112,3,,,config_coinc_19042013,,Chip,,,,,,,
,101,112,3,,,config_coinc_19042013,,Chip,,,,,,,
,102,112,3,,,config_coinc_19042013,,Chip,,,,,,,
,103,112,3,,,config_coinc_19042013,,Chip,,,,,,,
,104,112,3,,,config_coinc_19042013,,Chip,,,,,,,
,105,112,3,,,config_coinc_19042013,,Chip,,,,,,,
,106,112,3,,,config_coinc_19042013,,Chip,,,,,,,
,107,112,3,,,config_coinc_19042013,,Chip,,,,,,,
,108,112,3,,,config_coinc_19042013,,Chip,,,,,,,
,109,112,3,,,config_coinc_19042013,,Chip,,,,,,,
,110,112,3,,,config_coinc_19042013,,Chip,,,,,,,
,111,112,3,,,config_coinc_19042013,,Chip,,,,,,,
,112,112,3,,,config_coinc_19042013,,Chip,,,,,,,
,113,112,3,,,config_coinc_19042013,,Chip,,,,,,,
,114,112,3,,,config_coinc_19042013,,Chip,,,,,,,
,115,112,3,,,config_coinc_19042013,,Chip,,,,,,,
,116,112,3,,,config_coinc_19042013,,Chip,,,,,,,
,117,112,3,,,config_coinc_19042013,,Chip,,,,,,,
,118,112,3,,,config_coinc_19042013,,Chip,,,,,,,
,119,112,3,,,config_coinc_19042013,,Chip,,,,,,,
,120,112,3,,,config_coinc_19042013,,Chip,,,,,,,
,121,112,3,,,config_coinc_19042013,,Chip,,,,,,,
,122,112,3,,,config_coinc_19042013,,Chip,,,,,,,
,123,112,3,,,config_coinc_19042013,,Chip,,,,,,,
,124,112,3,,,config_coinc_19042013,,Chip,,,,,,,
,125,112,3,,,config_coinc_19042013,,Chip,,,,,,,
,126,112,3,,,config_coinc_19042013,,Chip,,,,,,,
,127,112,3,,,config_coinc_19042013,,Chip,,,,,,,
,128,112,3,,,config_coinc_19042013,,Chip,,,,,,,
,129,112,3,,,config_coinc_19042013,,Chip,,,,,,,
,130,112,3,,,config_coinc_19042013,,Chip,,,,,,,
,131,112,3,,,config_coinc_19042013,,Chip,,,,,,,
,132,112,3,,,config_coinc_19042013,,Chip,,,,,,,
,133,112,3,,,config_coinc_19042013,,Chip,,,,,,,
,134,112,3,,,config_coinc_19042013,,Chip,,,,,,,
,135,112,3,,,config_coinc_19042013,,Chip,,,,,,,
,136,112,3,,,config_coinc_19042013,,Chip,,,,,,,
,137,112,3,,,config_coinc_19042013,,Chip,,,,,,,
,138,112,3,,,config_coinc_19042013,,Chip,,,,,,,
,139,112,3,,,config_coinc_19042013,,Chip,,,,,,,
,140,112,3,,,config_coinc_19042013,,Chip,,,,,,,
,141,112,3,,,config_coinc_19042013,,Chip,,,,,,,
,142,112,3,,,config_coinc_19042013,,Chip,,,,,,,
,143,112,3,,,config_coinc_19042013,,Chip,,,,,,,
,144,112,3,,,config_coinc_19042013,,Chip,,,,,,,
,145,112,3,,,config_coinc_19042013,,Chip,,,,,,,
,146,112,3,,,config_coinc_19042013,,Chip,,,,,,,
,147,112,3,,,config_coinc_19042013,,Chip,,,,,,,
,148,112,3,,,config_coinc_19042013,,Chip,,,,,,,
,149,112,3,,,config_coinc_19042013,,Chip,,,,,,,
,150,112,3,,,config_coinc_19042013,,Chip,,,,,,,
,151,112,3,,,config_coinc_19042013,,Chip,,,,,,,
,152,112,3,,,config_coinc_19042013,,Chip,,,,,,,
,153,112,3,,,config_coinc_19042013,,Chip,,,,,,,
,154,112,3,,,config_coinc_19042013,,Chip,,,,,,,
,155,112,3,,,config_coinc_19042013,,Chip,,,,,,,
,156,112,3,,,config_coinc_19042013,,Chip,,,,,,,
,157,112,3,,,config_coinc_19042013,,Chip,,,,,,,
,158,112,3,,,config_coinc_19042013,,Chip,,,,,,,
,159,112,3,,,config_coinc_19042013,,Chip,,,,,,,
,160,112,3,,,config_coinc_19042013,,Chip,,,,,,,
,161,112,3,,,config_coinc_19042013,,Chip,,,,,,,
,162,112,3,,,config_coinc_19042013,,Chip,,,,,,,
,163,112,3,,,config_coinc_19042013,,Chip,,,,,,,
,164,112,3,,,config_coinc_19042013,,Chip,,,,,,,
,165,112,3,,,config_coinc_19042013,,Chip,,,,,,,
,166,112,3,,,config_coinc_19042013,,Chip,,,,,,,
,167,112,3,,,config_coinc_19042013,,Chip,,,,,,,
,168,112,3,,,config_coinc_19042013,,Chip,,,,,,,
,169,112,3,,,config_coinc_19042013,,Chip,,,,,,,
,170,112,3,,,config_coinc_19042013,,Chip,,,,,,,
,171,112,3,,,config_coinc_19042013,,Chip,,,,,,,
,172,112,3,,,config_coinc_19042013,,Chip,,,,,,,
,173,112,3,,,config_coinc_19042013,,Chip,,,,,,,
,174,112,3,,,config_coinc_19042013,,Chip,,,,,,,
,175,112,3,,,config_coinc_19042013,,Chip,,,,,,,
,176,112,3,,,config_coinc_19042013,,Chip,,,,,,,
,177,112,3,,,config_coinc_19042013,,Chip,,,,,,,
,178,112,3,,,config_coinc_19042013,,Chip,,,,,,,
,179,112,3,,,config_coinc_19042013,,Chip,,,,,,,
,180,112,3,,,config_coinc_19042013,,Chip,,,,,,,
,181,112,3,,,config_coinc_19042013,,Chip,,,,,,,
,182,112,3,,,config_coinc_19042013,,Chip,,,,,,,
,183,112,3,,,config_coinc_19042013,,Chip,,,,,,,
,184,112,3,,,config_coinc_19042013,,Chip,,,,,,,
,185,112,3,,,config_coinc_19042013,,Chip,,,,,,,
,186,112,3,,,config_coinc_19042013,,Chip,,,,,,,
,187,112,3,,,config_coinc_19042013,,Chip,,,,,,,
,188,112,3,,,config_coinc_19042013,,Chip,,,,,,,
,189,112,3,,,config_coinc_19042013,,Chip,,,,,,,
,190,112,3,,,config_coinc_19042013,,Chip,,,,,,,
,191,112,3,,,config_coinc_19042013,,Chip,,,,,,,
,192,112,3,,,config_coinc_19042013,,Chip,,,,,,,
,193,112,3,,,config_coinc_19042013,,Chip,,,,,,,
,194,112,3,,,config_coinc_19042013,,Chip,,,,,,,
,195,112,3,,,config_coinc_19042013,,Chip,,,,,,,
,196,112,3,,,config_coinc_19042013,,Chip,,,,,,,
,197,112,3,,,config_coinc_19042013,,Chip,,,,,,,
,198,112,3,,,config_coinc_19042013,,Chip,,,,,,,
,199,112,3,,,config_coinc_19042013,,Chip,,,,,,,
,200,112,3,,,config_coinc_19042013,,Chip,,,,,,,
,201,112,3,,,config_coinc_19042013,,Chip,,,,,,,
,202,112,3,,,config_coinc_19042013,,Chip,,,,,,,
,203,112,3,,,config_coinc_19042013,,Chip,,,,,,,
,204,112,3,,,config_coinc_19042013,,Chip,,,,,,,
,205,112,3,,,config_coinc_19042013,,Chip,,,,,,,
,206,112,3,,,config_coinc_19042013,,Chip,,,,,,,
,207,112,3,,,config_coinc_19042013,,Chip,,,,,,,
,208,112,3,,,config_coinc_19042013,,Chip,,,,,,,
,209,112,3,,,config_coinc_19042013,,Chip,,,,,,,
,210,112,3,,,config_coinc_19042013,,Chip,,,,,,,
,211,112,3,,,config_coinc_19042013,,Chip,,,,,,,
,212,112,3,,,config_coinc_19042013,,Chip,,,,,,,
,213,112,3,,,config_coinc_19042013,,Chip,,,,,,,
,214,112,3,,,config_coinc_19042013,,Chip,,,,,,,
,215,112,3,,,config_coinc_19042013,,Chip,,,,,,,
,216,112,3,,,config_coinc_19042013,,Chip,,,,,,,
,217,112,3,,,config_coinc_19042013,,Chip,,,,,,,
,218,112,3,,,config_coinc_19042013,,Chip,,,,,,,
,219,112,3,,,config_coinc_19042013,,Chip,,,,,,,
,220,112,3,,,config_coinc_19042013,,Chip,,,,,,,
,221,112,3,,,config_coinc_19042013,,Chip,,,,,,,
,222,112,3,,,config_coinc_19042013,,Chip,,,,,,,
,223,112,3,,,config_coinc_19042013,,Chip,,,,,,,
,224,112,3,,,config_coinc_19042013,,Chip,,,,,,,
,225,112,3,,,config_coinc_19042013,,Chip,,,,,,,
,226,112,3,,,config_coinc_19042013,,Chip,,,,,,,
,227,112,3,,,config_coinc_19042013,,Chip,,,,,,,
,228,112,3,,,config_coinc_19042013,,Chip,,,,,,,
,229,112,3,,,config_coinc_19042013,,Chip,,,,,,,
,230,112,3,,,config_coinc_19042013,,Chip,,,,,,,
,231,112,3,,,config_coinc_19042013,,Chip,,,,,,,
,232,112,3,,,config_coinc_19042013,,Chip,,,,,,,
,233,112,3,,,config_coinc_19042013,,Chip,,,,,,,
,234,112,3,,,config_coinc_19042013,,Chip,,,,,,,
,235,112,3,,,config_coinc_19042013,,Chip,,,,,,,
,236,112,3,,,config_coinc_19042013,,Chip,,,,,,,
,237,112,3,,,config_coinc_19042013,,Chip,,,,,,,
,238,112,3,,,config_coinc_19042013,,Chip,,,,,,,
,239,112,3,,,config_coinc_19042013,,Chip,,,,,,,
,240,112,3,,,config_coinc_19042013,,Chip,,,,,,,
,241,112,3,,,config_coinc_19042013,,Chip,,,,,,,
,242,112,3,,,config_coinc_19042013,,Chip,,,,,,,
,243,112,3,,,config_coinc_19042013,,Chip,,,,,,,
,244,112,3,,,config_coinc_19042013,,Chip,,,,,,,
,245,112,3,,,config_coinc_19042013,,Chip,,,,,,,
,246,112,3,,,config_coinc_19042013,,Chip,,,,,,,
,247,112,3,,,config_coinc_19042013,,Chip,,,,,,,
,248,112,3,,,config_coinc_19042013,,Chip,,,,,,,
,249,112,3,,,config_coinc_19042013,,Chip,,,,,,,
,250,112,3,,,config_coinc_19042013,,Chip,,,,,,,
,251,112,3,,,config_coinc_19042013,,Chip,,,,,,,
,252,112,3,,,config_coinc_19042013,,Chip,,,,,,,
,253,112,3,,,config_coinc_19042013,,Chip,,,,,,,
,254,112,3,,,config_coinc_19042013,,Chip,,,,,,,
,255,112,3,,,config_coinc_19042013,,Chip,,,,,,,
,256,112,3,,,config_coinc_19042013,,Chip,,,,,,,
,257,112,3,,,config_coinc_19042013,,Chip,,,,,,,
,258,112,3,,,config_coinc_19042013,,Chip,,,,,,,
,259,112,3,,,config_coinc_19042013,,Chip,,,,,,,
,260,112,3,,,config_coinc_19042013,,Chip,,,,,,,
,261,112,3,,,config_coinc_19042013,,Chip,,,,,,,
,262,112,3,,,config_coinc_19042013,,Chip,,,,,,,
,263,112,3,,,config_coinc_19042013,,Chip,,,,,,,
,264,112,3,,,config_coinc_19042013,,Chip,,,,,,,
,265,112,3,,,config_coinc_19042013,,Chip,,,,,,,
,266,112,3,,,config_coinc_19042013,,Chip,,,,,,,
,267,112,3,,,config_coinc_19042013,,Chip,,,,,,,
,268,112,3,,,config_coinc_19042013,,Chip,,,,,,,
,269,112,3,,,config_coinc_19042013,,Chip,,,,,,,
,270,112,3,,,config_coinc_19042013,,Chip,,,,,,,
,271,112,3,,,config_coinc_19042013,,Chip,,,,,,,
,272,112,3,,,config_coinc_19042013,,Chip,,,,,,,
,273,112,3,,,config_coinc_19042013,,Chip,,,,,,,
,274,112,3,,,config_coinc_19042013,,Chip,,,,,,,
,275,112,3,,,config_coinc_19042013,,Chip,,,,,,,
,276,112,3,,,config_coinc_19042013,,Chip,,,,,,,
,277,112,3,,,config_coinc_19042013,,Chip,,,,,,,
,278,112,3,,,config_coinc_19042013,,Chip,,,,,,,
,279,112,3,,,config_coinc_19042013,,Chip,,,,,,,
,280,112,3,,,config_coinc_19042013,,Chip,,,,,,,
,281,112,3,,,config_coinc_19042013,,Chip,,,,,,,
,282,112,3,,,config_coinc_19042013,,Chip,,,,,,,
,283,112,3,,,config_coinc_19042013,,Chip,,,,,,,
,284,112,3,,,config_coinc_19042013,,Chip,,,,,,,
,285,112,3,,,config_coinc_19042013,,Chip,,,,,,,
,286,112,3,,,config_coinc_19042013,,Chip,,,,,,,
,287,112,3,,,config_coinc_19042013,,Chip,,,,,,,
,288,112,3,,,config_coinc_19042013,,Chip,,,,,,,
,289,112,3,,,config_coinc_19042013,,Chip,,,,,,,
,290,112,3,,,config_coinc_19042013,,Chip,,,,,,,
,291,112,3,,,config_coinc_19042013,,Chip,,,,,,,
,292,112,3,,,config_coinc_19042013,,Chip,,,,,,,
,293,112,3,,,config_coinc_19042013,,Chip,,,,,,,
,294,112,3,,,config_coinc_19042013,,Chip,,,,,,,
,295,112,3,,,config_coinc_19042013,,Chip,,,,,,,
,296,112,3,,,config_coinc_19042013,,Chip,,,,,,,
,297,112,3,,,config_coinc_19042013,,Chip,,,,,,,
,298,112,3,,,config_coinc_19042013,,Chip,,,,,,,
,299,112,3,,,config_coinc_19042013,,Chip,,,,,,,
,300,112,3,,,config_coinc_19042013,,Chip,,,,,,,
,301,112,3,,,config_coinc_19042013,,Chip,,,,,,,
,302,112,3,,,config_coinc_19042013,,Chip,,,,,,,
,303,112,3,,,config_coinc_19042013,,Chip,,,,,,,
,304,112,3,,,config_coinc_19042013,,Chip,,,,,,,
,305,112,3,,,config_coinc_19042013,,Chip,,,,,,,
,306,112,3,,,config_coinc_19042013,,Chip,,,,,,,
,307,112,3,,,config_coinc_19042013,,Chip,,,,,,,
,308,112,3,,,config_coinc_19042013,,Chip,,,,,,,
,309,112,3,,,config_coinc_19042013,,Chip,,,,,,,
,310,112,3,,,config_coinc_19042013,,Chip,,,,,,,
,311,112,3,,,config_coinc_19042013,,Chip,,,,,,,
,312,112,3,,,config_coinc_19042013,,Chip,,,,,,,
,313,112,3,,,config_coinc_19042013,,Chip,,,,,,,
,314,112,3,,,config_coinc_19042013,,Chip,,,,,,,
,315,112,3,,,config_coinc_19042013,,Chip,,,,,,,
,316,112,3,,,config_coinc_19042013,,Chip,,,,,,,
,317,112,3,,,config_coinc_19042013,,Chip,,,,,,,
,318,112,3,,,config_coinc_19042013,,Chip,,,,,,,
,319,112,3,,,config_coinc_19042013,,Chip,,,,,,,
,320,112,3,,,config_coinc_19042013,,Chip,,,,,,,
,321,112,3,,,config_coinc_19042013,,Chip,,,,,,,
,322,112,3,,,config_coinc_19042013,,Chip,,,,,,,
,323,112,3,,,config_coinc_19042013,,Chip,,,,,,,
,324,112,3,,,config_coinc_19042013,,Chip,,,,,,,
,325,112,3,,,config_coinc_19042013,,Chip,,,,,,,
,326,112,3,,,config_coinc_19042013,,Chip,,,,,,,
,327,112,3,,,config_coinc_19042013,,Chip,,,,,,,
,328,112,3,,,config_coinc_19042013,,Chip,,,,,,,
,329,112,3,,,config_coinc_19042013,,Chip,,,,,,,
,330,112,3,,,config_coinc_19042013,,Chip,,,,,,,
,331,112,3,,,config_coinc_19042013,,Chip,,,,,,,
,332,112,3,,,config_coinc_19042013,,Chip,,,,,,,
,333,112,3,,,config_coinc_19042013,,Chip,,,,,,,
,334,112,3,,,config_coinc_19042013,,Chip,,,,,,,
,335,112,3,,,config_coinc_19042013,,Chip,,,,,,,
,336,112,3,,,config_coinc_19042013,,Chip,,,,,,,
,337,112,3,,,config_coinc_19042013,,Chip,,,,,,,
,338,112,3,,,config_coinc_19042013,,Chip,,,,,,,
,339,112,3,,,config_coinc_19042013,,Chip,,,,,,,
,340,112,3,,,config_coinc_19042013,,Chip,,,,,,,
,341,112,3,,,config_coinc_19042013,,Chip,,,,,,,
,342,112,3,,,config_coinc_19042013,,Chip,,,,,,,
,343,112,3,,,config_coinc_19042013,,Chip,,,,,,,
,344,112,3,,,config_coinc_19042013,,Chip,,,,,,,
,345,112,3,,,config_coinc_19042013,,Chip,,,,,,,
,346,112,3,,,config_coinc_19042013,,Chip,,,,,,,
,347,112,3,,,config_coinc_19042013,,Chip,,,,,,,
,348,112,3,,,config_coinc_19042013,,Chip,,,,,,,
,349,112,3,,,config_coinc_19042013,,Chip,,,,,,,
,350,112,3,,,config_coinc_19042013,,Chip,,,,,,,
,351,112,3,,,config_coinc_19042013,,Chip,,,,,,,
,352,112,3,,,config_coinc_19042013,,Chip,,,,,,,
,353,112,3,,,config_coinc_19042013,,Chip,,,,,,,
,354,112,3,,,config_coinc_19042013,,Chip,,,,,,,
,355,112,3,,,config_coinc_19042013,,Chip,,,,,,,
,356,112,3,,,config_coinc_19042013,,Chip,,,,,,,
,357,112,3,,,config_coinc_19042013,,Chip,,,,,,,
,358,112,3,,,config_coinc_19042013,,Chip,,,,,,,
,359,112,3,,,config_coinc_19042013,,Chip,,,,,,,
,360,112,3,,,config_coinc_19042013,,Chip,,,,,,,
,361,112,3,,,config_coinc_19042013,,Chip,,,,,,,
,362,112,3,,,config_coinc_19042013,,Chip,,,,,,,
,363,112,3,,,config_coinc_19042013,,Chip,,,,,,,
,364,112,3,,,config_coinc_19042013,,Chip,,,,,,,
,365,112,3,,,config_coinc_19042013,,Chip,,,,,,,
,366,112,3,,,config_coinc_19042013,,Chip,,,,,,,
,367,112,3,,,config_coinc_19042013,,Chip,,,,,,,
,368,112,3,,,config_coinc_19042013,,Chip,,,,,,,
,369,112,3,,,config_coinc_19042013,,Chip,,,,,,,
,370,112,3,,,config_coinc_19042013,,Chip,,,,,,,
,371,112,3,,,config_coinc_19042013,,Chip,,,,,,,
,372,112,3,,,config_coinc_19042013,,Chip,,,,,,,
,373,112,3,,,config_coinc_19042013,,Chip,,,,,,,
,374,112,3,,,config_coinc_19042013,,Chip,,,,,,,
,375,112,3,,,config_coinc_19042013,,Chip,,,,,,,
,376,112,3,,,config_coinc_19042013,,Chip,,,,,,,
,377,112,3,,,config_coinc_19042013,,Chip,,,,,,,
,378,112,3,,,config_coinc_19042013,,Chip,,,,,,,
,379,112,3,,,config_coinc_19042013,,Chip,,,,,,,
,380,112,3,,,config_coinc_19042013,,Chip,,,,,,,
,381,112,3,,,config_coinc_19042013,,Chip,,,,,,,
,382,112,3,,,config_coinc_19042013,,Chip,,,,,,,
,383,112,3,,,config_coinc_19042013,,Chip,,,,,,,
,384,112,3,,,config_coinc_19042013,,Chip,,,,,,,
,385,112,3,,,config_coinc_19042013,,Chip,,,,,,,
,386,112,3,,,config_coinc_19042013,,Chip,,,,,,,
,387,112,3,,,config_coinc_19042013,,Chip,,,,,,,
,388,112,3,,,config_coinc_19042013,,Chip,,,,,,,
,389,112,3,,,config_coinc_19042013,,Chip,,,,,,,
,390,112,3,,,config_coinc_19042013,,Chip,,,,,,,
,391,112,3,,,config_coinc_19042013,,Chip,,,,,,,
,392,112,3,,,config_coinc_19042013,,Chip,,,,,,,
,393,112,3,,,config_coinc_19042013,,Chip,,,,,,,
,394,112,3,,,config_coinc_19042013,,Chip,,,,,,,
,395,112,3,,,config_coinc_19042013,,Chip,,,,,,,
,396,112,3,,,config_coinc_19042013,,Chip,,,,,,,
,397,112,3,,,config_coinc_19042013,,Chip,,,,,,,
,398,112,3,,,config_coinc_19042013,,Chip,,,,,,,
,399,112,3,,,config_coinc_19042013,,Chip,,,,,,,
,400,112,3,,,config_coinc_19042013,,Chip,,,,,,,
,401,112,3,,,config_coinc_19042013,,Chip,,,,,,,
,402,112,3,,,config_coinc_19042013,,Chip,,,,,,,
,403,112,3,,,config_coinc_19042013,,Chip,,,,,,,
,404,112,3,,,config_coinc_19042013,,Chip,,,,,,,
,405,112,3,,,config_coinc_19042013,,Chip,,,,,,,
,406,112,3,,,config_coinc_19042013,,Chip,,,,,,,
,407,112,3,,,config_coinc_19042013,,Chip,,,,,,,
,408,112,3,,,config_coinc_19042013,,Chip,,,,,,,
,409,112,3,,,config_coinc_19042013,,Chip,,,,,,,
,410,112,3,,,config_coinc_19042013,,Chip,,,,,,,
,411,112,3,,,config_coinc_19042013,,Chip,,,,,,,
,412,112,3,,,config_coinc_19042013,,Chip,,,,,,,
,413,112,3,,,config_coinc_19042013,,Chip,,,,,,,
,414,112,3,,,config_coinc_19042013,,Chip,,,,,,,
,415,112,3,,,config_coinc_19042013,,Chip,,,,,,,
,416,112,3,,,config_coinc_19042013,,Chip,,,,,,,
,417,112,3,,,config_coinc_19042013,,Chip,,,,,,,
,418,112,3,,,config_coinc_19042013,,Chip,,,,,,,
,419,112,3,,,config_coinc_19042013,,Chip,,,,,,,
,420,112,3,,,config_coinc_19042013,,Chip,,,,,,,
,421,112,3,,,config_coinc_19042013,,Chip,,,,,,,
,422,112,3,,,config_coinc_19042013,,Chip,,,,,,,
,423,112,3,,,config_coinc_19042013,,Chip,,,,,,,
,424,112,3,,,config_coinc_19042013,,Chip,,,,,,,
,425,112,3,,,config_coinc_19042013,,Chip,,,,,,,
,426,112,3,,,config_coinc_19042013,,Chip,,,,,,,
,427,112,3,,,config_coinc_19042013,,Chip,,,,,,,
,428,112,3,,,config_coinc_19042013,,Chip,,,,,,,
,429,112,3,,,config_coinc_19042013,,Chip,,,,,,,
,430,112,3,,,config_coinc_19042013,,Chip,,,,,,,
,431,112,3,,,config_coinc_19042013,,Chip,,,,,,,
,432,112,3,,,config_coinc_19042013,,Chip,,,,,,,
,433,112,3,,,config_coinc_19042013,,Chip,,,,,,,
,434,112,3,,,config_coinc_19042013,,Chip,,,,,,,
,435,112,3,,,config_coinc_19042013,,Chip,,,,,,,
,436,112,3,,,config_coinc_19042013,,Chip,,,,,,,
,437,112,3,,,config_coinc_19042013,,Chip,,,,,,,
,438,112,3,,,config_coinc_19042013,,Chip,,,,,,,
,439,112,3,,,config_coinc_19042013,,Chip,,,,,,,
,440,112,3,,,config_coinc_19042013,,Chip,,,,,,,
,441,112,3,,,config_coinc_19042013,,Chip,,,,,,,
,442,112,3,,,config_coinc_19042013,,Chip,,,,,,,
,443,112,3,,,config_coinc_19042013,,Chip,,,,,,,
,444,112,3,,,config_coinc_19042013,,Chip,,,,,,,
,445,112,3,,,config_coinc_19042013,,Chip,,,,,,,
,446,112,3,,,config_coinc_19042013,,Chip,,,,,,,
,447,112,3,,,config_coinc_19042013,,Chip,,,,,,,
,448,112,3,,,config_coinc_19042013,,Chip,,,,,,,
,449,112,3,,,config_coinc_19042013,,Chip,,,,,,,
,450,112,3,,,config_coinc_19042013,,Chip,,,,,,,
,451,112,3,,,config_coinc_19042013,,Chip,,,,,,,
,452,112,3,,,config_coinc_19042013,,Chip,,,,,,,
,453,112,3,,,config_coinc_19042013,,Chip,,,,,,,
,454,112,3,,,config_coinc_19042013,,Chip,,,,,,,
,455,112,3,,,config_coinc_19042013,,Chip,,,,,,,
,456,112,3,,,config_coinc_19042013,,Chip,,,,,,,
,457,112,3,,,config_coinc_19042013,,Chip,,,,,,,
,458,112,3,,,config_coinc_19042013,,Chip,,,,,,,
,459,112,3,,,config_coinc_19042013,,Chip,,,,,,,
,460,112,3,,,config_coinc_19042013,,Chip,,,,,,,
,461,112,3,,,config_coinc_19042013,,Chip,,,,,,,
,462,112,3,,,config_coinc_19042013,,Chip,,,,,,,
,463,112,3,,,config_coinc_19042013,,Chip,,,,,,,
,464,112,3,,,config_coinc_19042013,,Chip,,,,,,,
,465,112,3,,,config_coinc_19042013,,Chip,,,,,,,
,466,112,3,,,config_coinc_19042013,,Chip,,,,,,,
,467,112,3,,,config_coinc_19042013,,Chip,,,,,,,
,468,112,3,,,config_coinc_19042013,,Chip,,,,,,,
,469,112,3,,,config_coinc_19042013,,Chip,,,,,,,
,470,112,3,,,config_coinc_19042013,,Chip,,,,,,,
,471,112,3,,,config_coinc_19042013,,Chip,,,,,,,
,472,112,3,,,config_coinc_19042013,,Chip,,,,,,,
,473,112,3,,,config_coinc_19042013,,Chip,,,,,,,
,474,112,3,,,config_coinc_19042013,,Chip,,,,,,,
,475,112,3,,,config_coinc_19042013,,Chip,,,,,,,
,476,112,3,,,config_coinc_19042013,,Chip,,,,,,,
,477,112,3,,,config_coinc_19042013,,Chip,,,,,,,
,478,112,3,,,config_coinc_19042013,,Chip,,,,,,,
,479,112,3,,,config_coinc_19042013,,Chip,,,,,,,
,480,112,3,,,config_coinc_19042013,,Chip,,,,,,,
,481,112,3,,,config_coinc_19042013,,Chip,,,,,,,
,482,112,3,,,config_coinc_19042013,,Chip,,,,,,,
,483,112,3,,,config_coinc_19042013,,Chip,,,,,,,
,484,112,3,,,config_coinc_19042013,,Chip,,,,,,,
,485,112,3,,,config_coinc_19042013,,Chip,,,,,,,
,486,112,3,,,config_coinc_19042013,,Chip,,,,,,,
,487,112,3,,,config_coinc_19042013,,Chip,,,,,,,
,488,112,3,,,config_coinc_19042013,,Chip,,,,,,,
,489,112,3,,,config_coinc_19042013,,Chip,,,,,,,
,490,112,3,,,config_coinc_19042013,,Chip,,,,,,,
,491,112,3,,,config_coinc_19042013,,Chip,,,,,,,
,492,37,1,,,config_coinc_19042013,,New DUT...,,,,,,,
,493,37,1,,,config_coinc_19042013,,New DUT...,,,,,,,
,494,37,1,,,config_coinc_19042013,,New DUT...,,,,,,,
,495,37,1,,,config_coinc_19042013,,New DUT...,,,,,,,
,496,37,1,,,config_coinc_19042013,,New DUT...,,,,,,,
,497,37,1,,,config_coinc_19042013,,New DUT...,,,,,,,
,498,37,1,,,config_coinc_19042013,,New DUT...,,,,,,,
,499,37,1,,,config_coinc_19042013,,New DUT...,,,,,,,
,500,37,1,,,config_coinc_19042013,,New DUT...,,,,,,,
,501,37,1,,,config_coinc_19042013,,New DUT...,,,,,,,
,502,37,1,,,config_coinc_19042013,,New DUT...,,,,,,,
,503,37,1,,,config_coinc_19042013,,New DUT...,,,,,,,
,504,37,1,,,config_coinc_19042013,,New DUT...,,,,,,,
,505,37,1,,,config_coinc_19042013,,New DUT...,,,,,,,
,506,37,1,,,config_coinc_19042013,,New DUT...,,,,,,,
,507,37,1,,,config_coinc_19042013,,New DUT...,,,,,,,
,508,37,1,,,config_coinc_19042013,,New DUT...,,,,,,,
,509,37,1,,,config_coinc_19042013,,New DUT...,,,,,,,
,510,37,1,,,config_coinc_19042013,,New DUT...,,,,,,,
,511,37,1,,,config_coinc_19042013,,New DUT...,,,,,,,
,512,37,1,,,config_coinc_19042013,,New DUT...,,,,,,,
,513,37,1,,,config_coinc_19042013,,New DUT...,,,,,,,
,514,37,1,,,config_coinc_19042013,,New DUT...,,,,,,,
,515,37,1,,,config_coinc_19042013,,New DUT...,,,,,,,
,516,37,1,,,config_coinc_19042013,,New DUT...,,,,,,,
,517,37,1,,,config_coinc_19042013,,New DUT...,,,,,,,
,518,37,1,,,config_coinc_19042013,,New DUT...,,,,,,,
,519,37,1,,,config_coinc_19042013,,New DUT...,,,,,,,
,520,37,1,,,config_coinc_19042013,,New DUT...,,,,,,,
,521,37,1,,,config_coinc_19042013,,New DUT...,,,,,,,
,522,37,1,,,config_coinc_19042013,,New DUT...,,,,,,,
,523,37,1,,,config_coinc_19042013,,New DUT...,,,,,,,
,524,37,1,,,config_coinc_19042013,,New DUT...,,,,,,,
,525,37,1,,,config_coinc_19042013,,New DUT...,,,,,,,
,526,37,1,,,config_coinc_19042013,,New DUT...,,,,,,,
,527,37,1,,,config_coinc_19042013,,New DUT...,,,,,,,
,528,37,1,,,config_coinc_19042013,,New DUT...,,,,,,,
,529,37,1,,,config_coinc_19042013,,New DUT...,,,,,,,
,530,37,1,,,config_coinc_19042013,,New DUT...,,,,,,,
,531,37,1,,,config_coinc_19042013,,New DUT...,,,,,,,
,532,37,1,,,config_coinc_19042013,,New DUT...,,,,,,,
,533,37,1,,,config_coinc_19042013,,New DUT...,,,,,,,
,534,37,1,,,config_coinc_19042013,,New DUT...,,,,,,,
,535,37,1,,,config_coinc_19042013,,New DUT...,,,,,,,
,536,37,1,,,config_coinc_19042013,,New DUT...,,,,,,,
,537,37,1,,,config_coinc_19042013,,New DUT...,,,,,,,
,538,37,1,,,config_coinc_19042013,,New DUT...,,,,,,,
,539,37,1,,,config_coinc_19042013,,New DUT...,,,,,,,
,540,37,1,,,config_coinc_19042013,,New DUT...,,,,,,,
,541,37,1,,,config_coinc_19042013,,New DUT...,,,,,,,
,542,37,1,,,config_coinc_19042013,,New DUT...,,,,,,,
,543,37,1,,,config_coinc_19042013,,New DUT...,,,,,,,
,544,37,1,,,config_coinc_19042013,,New DUT...,,,,,,,
,545,37,1,,,config_coinc_19042013,,New DUT...,,,,,,,
,546,37,1,,,config_coinc_19042013,,New DUT...,,,,,,,
,547,37,1,,,config_coinc_19042013,,New DUT...,,,,,,,
,548,37,1,,,config_coinc_19042013,,New DUT...,,,,,,,
,549,37,1,,,config_coinc_19042013,,New DUT...,,,,,,,
,550,37,1,,,config_coinc_19042013,,New DUT...,,,,,,,
,551,37,1,,,config_coinc_19042013,,New DUT...,,,,,,,
,552,37,1,,,config_coinc_19042013,,New DUT...,,,,,,,
,553,37,1,,,config_coinc_19042013,,New DUT...,,,,,,,
,554,37,1,,,config_coinc_19042013,,New DUT...,,,,,,,
,555,37,1,,,config_coinc_19042013,,New DUT...,,,,,,,
,556,37,1,,,config_coinc_19042013,,New DUT...,,,,,,,
,557,37,1,,,config_coinc_19042013,,New DUT...,,,,,,,
,558,37,1,,,config_coinc_19042013,,New DUT...,,,,,,,
,559,37,1,,,config_coinc_19042013,,New DUT...,,,,,,,
,560,37,1,,,config_coinc_19042013,,New DUT...,,,,,,,
,561,37,1,,,config_coinc_19042013,,New DUT...,,,,,,,
,562,37,1,,,config_coinc_19042013,,New DUT...,,,,,,,
,563,37,1,,,config_coinc_19042013,,New DUT...,,,,,,,
,564,37,1,,,config_coinc_19042013,,New DUT...,,,,,,,
,565,37,1,,,config_coinc_19042013,,New DUT...,,,,,,,
,566,37,1,,,config_coinc_19042013,,New DUT...,,,,,,,
,567,37,1,,,config_coinc_19042013,,New DUT...,,,,,,,
,568,37,1,,,config_coinc_19042013,,New DUT...,,,,,,,
,569,37,1,,,config_coinc_19042013,,New DUT...,,,,,,,
,570,37,1,,,config_coinc_19042013,,New DUT...,,,,,,,
,571,37,1,,,config_coinc_19042013,,New DUT...,,,,,,,
,572,37,1,,,config_coinc_19042013,,New DUT...,,,,,,,
,573,37,1,,,config_coinc_19042013,,New DUT...,,,,,,,
,574,37,1,,,config_coinc_19042013,,New DUT...,,,,,,,
,575,37,1,,,config_coinc_19042013,,New DUT...,,,,,,,
,576,37,1,,,config_coinc_19042013,,New DUT...,,,,,,,
,577,37,1,,,config_coinc_19042013,,New DUT...,,,,,,,
,578,37,1,,,config_coinc_19042013,,New DUT...,,,,,,,
,579,37,1,,,config_coinc_19042013,,New DUT...,,,,,,,
,580,37,1,,,config_coinc_19042013,,New DUT...,,,,,,,
,581,37,1,,,config_coinc_19042013,,New DUT...,,,,,,,
,582,37,1,,,config_coinc_19042013,,New DUT...,,,,,,,
,583,37,1,,,config_coinc_19042013,,New DUT...,,,,,,,
,584,37,1,,,config_coinc_19042013,,New DUT...,,,,,,,
,585,37,1,,,config_coinc_19042013,,New DUT...,,,,,,,
,586,37,1,,,config_coinc_19042013,,New DUT...,,,,,,,
,587,37,1,,,config_coinc_19042013,,New DUT...,,,,,,,
,588,37,1,,,config_coinc_19042013,,New DUT...,,,,,,,
,589,37,1,,,config_coinc_19042013,,New DUT...,,,,,,,
,590,37,1,,,config_coinc_19042013,,New DUT...,,,,,,,
,591,37,1,,,config_coinc_19042013,,New DUT...,,,,,,,
,592,37,1,,,config_coinc_19042013,,New DUT...,,,,,,,
,593,37,1,,,config_coinc_19042013,,New DUT...,,,,,,,
,594,37,1,,,config_coinc_19042013,,New DUT...,,,,,,,
,595,37,1,,,config_coinc_19042013,,New DUT...,,,,,,,
,596,37,1,,,config_coinc_19042013,,New DUT...,,,,,,,
,597,37,1,,,config_coinc_19042013,,New DUT...,,,,,,,
,598,37,1,,,config_coinc_19042013,,New DUT...,,,,,,,
,599,37,1,,,config_coinc_19042013,,New DUT...,,,,,,,
,600,37,1,,,config_coinc_19042013,,New DUT...,,,,,,,
,601,37,1,,,config_coinc_19042013,,New DUT...,,,,,,,
,602,37,1,,,config_coinc_19042013,,New DUT...,,,,,,,
,603,37,1,,,config_coinc_19042013,,New DUT...,,,,,,,
,604,37,1,,,config_coinc_19042013,,New DUT...,,,,,,,
,605,37,1,,,config_coinc_19042013,,New DUT...,,,,,,,
,606,37,1,,,config_coinc_19042013,,New DUT...,,,,,,,
,607,37,1,,,config_coinc_19042013,,New DUT...,,,,,,,
,608,37,1,,,config_coinc_19042013,,New DUT...,,,,,,,
,609,37,1,,,config_coinc_19042013,,New DUT...,,,,,,,
,610,37,1,,,config_coinc_19042013,,New DUT...,,,,,,,
,611,37,1,,,config_coinc_19042013,,New DUT...,,,,,,,
,612,37,1,,,config_coinc_19042013,,New DUT...,,,,,,,
,613,37,1,,,config_coinc_19042013,,New DUT...,,,,,,,
,614,37,1,,,config_coinc_19042013,,New DUT...,,,,,,,
,615,37,1,,,config_coinc_19042013,,New DUT...,,,,,,,
,616,37,1,,,config_coinc_19042013,,New DUT...,,,,,,,
,617,37,1,,,config_coinc_19042013,,New DUT...,,,,,,,
,618,37,1,,,config_coinc_19042013,,New DUT...,,,,,,,
,619,37,1,,,config_coinc_19042013,,New DUT...,,,,,,,
,620,37,1,,,config_coinc_19042013,,New DUT...,,,,,,,
,621,37,1,,,config_coinc_19042013,,New DUT...,,,,,,,
,622,37,1,,,config_coinc_19042013,,New DUT...,,,,,,,
,623,37,1,,,config_coinc_19042013,,New DUT...,,,,,,,
,624,37,1,,,config_coinc_19042013,,New DUT...,,,,,,,
,625,37,1,,,config_coinc_19042013,,New DUT...,,,,,,,
,626,37,1,,,config_coinc_19042013,,New DUT...,,,,,,,
,627,37,1,,,config_coinc_19042013,,New DUT...,,,,,,,
,628,37,1,,,config_coinc_19042013,,New DUT...,,,,,,,
,629,37,1,,,config_coinc_19042013,,New DUT...,,,,,,,
,630,37,1,,,config_coinc_19042013,,New DUT...,,,,,,,
,631,37,1,,,config_coinc_19042013,,New DUT...,,,,,,,
,632,37,1,,,config_coinc_19042013,,New DUT...,,,,,,,
,633,37,1,,,config_coinc_19042013,,New DUT...,,,,,,,
,634,37,1,,,config_coinc_19042013,,New DUT...,,,,,,,
,635,37,1,,,config_coinc_19042013,,New DUT...,,,,,,,
,636,37,1,,,config_coinc_19042013,,New DUT...,,,,,,,
,637,37,1,,,config_coinc_19042013,,New DUT...,,,,,,,
,638,37,1,,,config_coinc_19042013,,New DUT...,,,,,,,
,639,37,1,,,config_coinc_19042013,,New DUT...,,,,,,,
,640,37,1,,,config_coinc_19042013,,New DUT...,,,,,,,
,641,37,1,,,config_coinc_19042013,,New DUT...,,,,,,,
,642,37,1,,,config_coinc_19042013,,New DUT...,,,,,,,
,643,37,1,,,config_coinc_19042013,,New DUT...,,,,,,,
,644,37,1,,,config_coinc_19042013,,New DUT...,,,,,,,
,645,37,1,,,config_coinc_19042013,,New DUT...,,,,,,,
,646,37,1,,,config_coinc_19042013,,New DUT...,,,,,,,
,647,37,1,,,config_coinc_19042013,,New DUT...,,,,,,,
,648,37,1,,,config_coinc_19042013,,New DUT...,,,,,,,
,649,37,1,,,config_coinc_19042013,,New DUT...,,,,,,,
,650,37,1,,,config_coinc_19042013,,New DUT...,,,,,,,
,651,37,1,,,config_coinc_19042013,,New DUT...,,,,,,,
,652,37,1,,,config_coinc_19042013,,New DUT...,,,,,,,
,653,37,1,,,config_coinc_19042013,,New DUT...,,,,,,,
,654,37,1,,,config_coinc_19042013,,New DUT...,,,,,,,
,655,37,1,,,config_coinc_19042013,,New DUT...,,,,,,,
,656,37,1,,,config_coinc_19042013,,New DUT...,,,,,,,
,657,37,1,,,config_coinc_19042013,,New DUT...,,,,,,,
,658,37,1,,,config_coinc_19042013,,New DUT...,,,,,,,
,659,37,1,,,config_coinc_19042013,,New DUT...,,,,,,,
,660,37,1,,,config_coinc_19042013,,New DUT...,,,,,,,
,661,37,1,,,config_coinc_19042013,,New DUT...,,,,,,,
,662,37,1,,,config_coinc_19042013,,New DUT...,,,,,,,
,663,37,1,,,config_coinc_19042013,,New DUT...,,,,,,,
,664,37,1,,,config_coinc_19042013,,New DUT...,,,,,,,
,665,37,1,,,config_coinc_19042013,,New DUT...,,,,,,,
,666,37,1,,,config_coinc_19042013,,New DUT...,,,,,,,
,667,37,1,,,config_coinc_19042013,,New DUT...,,,,,,,
,668,37,1,,,config_coinc_19042013,,New DUT...,,,,,,,
,669,37,1,,,config_coinc_19042013,,New DUT...,,,,,,,
,670,37,1,,,config_coinc_19042013,,New DUT...,,,,,,,
,671,37,1,,,config_coinc_19042013,,New DUT...,,,,,,,
,672,37,1,,,config_coinc_19042013,,New DUT...,,,,,,,
,673,37,1,,,config_coinc_19042013,,New DUT...,,,,,,,
,674,37,1,,,config_coinc_19042013,,New DUT...,,,,,,,
,675,37,1,,,config_coinc_19042013,,New DUT...,,,,,,,
,676,37,1,,,config_coinc_19042013,,New DUT...,,,,,,,
,677,37,1,,,config_coinc_19042013,,New DUT...,,,,,,,
,678,37,1,,,config_coinc_19042013,,New DUT...,,,,,,,
,679,37,1,,,config_coinc_19042013,,New DUT...,,,,,,,
,680,37,1,,,config_coinc_19042013,,New DUT...,,,,,,,
,681,37,1,,,config_coinc_19042013,,New DUT...,,,,,,,
,682,37,1,,,config_coinc_19042013,,New DUT...,,,,,,,
,683,37,1,,,config_coinc_19042013,,New DUT...,,,,,,,
,684,37,1,,,config_coinc_19042013,,New DUT...,,,,,,,
,685,37,1,,,config_coinc_19042013,,New DUT...,,,,,,,
,686,37,1,,,config_coinc_19042013,,New DUT...,,,,,,,
,687,37,1,,,config_coinc_19042013,,New DUT...,,,,,,,
,688,37,1,,,config_coinc_19042013,,New DUT...,,,,,,,
,689,37,1,,,config_coinc_19042013,,New DUT...,,,,,,,
,690,37,1,,,config_coinc_19042013,,New DUT...,,,,,,,
,691,37,1,,,config_coinc_19042013,,New DUT...,,,,,,,
,692,37,1,,,config_coinc_19042013,,New DUT...,,,,,,,
,693,37,1,,,config_coinc_19042013,,New DUT...,,,,,,,
,694,37,1,,,config_coinc_19042013,,New DUT...,,,,,,,
,695,37,1,,,config_coinc_19042013,,New DUT...,,,,,,,
,696,37,1,,,config_coinc_19042013,,New DUT...,,,,,,,
,697,37,1,,,config_coinc_19042013,,New DUT...,,,,,,,
,698,37,1,,,config_coinc_19042013,,New DUT...,,,,,,,
,699,37,1,,,config_coinc_19042013,,New DUT...,,,,,,,
,700,37,1,,,config_coinc_19042013,,New DUT...,,,,,,,
,701,37,1,,,config_coinc_19042013,,New DUT...,,,,,,,
,702,37,1,,,config_coinc_19042013,,New DUT...,,,,,,,
,703,37,1,,,config_coinc_19042013,,New DUT...,,,,,,,
,704,37,1,,,config_coinc_19042013,,New DUT...,,,,,,,
,705,37,1,,,config_coinc_19042013,,New DUT...,,,,,,,
,706,37,1,,,config_coinc_19042013,,New DUT...,,,,,,,
,707,37,1,,,config_coinc_19042013,,New DUT...,,,,,,,
,708,37,1,,,config_coinc_19042013,,New DUT...,,,,,,,
,709,37,1,,,config_coinc_19042013,,New DUT...,,,,,,,
,710,37,1,,,config_coinc_19042013,,New DUT...,,,,,,,
,711,37,1,,,config_coinc_19042013,,New DUT...,,,,,,,
,712,37,1,,,config_coinc_19042013,,New DUT...,,,,,,,
,713,37,1,,,config_coinc_19042013,,New DUT...,,,,,,,
,714,37,1,,,config_coinc_19042013,,New DUT...,,,,,,,
,715,37,1,,,config_coinc_19042013,,New DUT...,,,,,,,
,716,37,1,,,config_coinc_19042013,,New DUT...,,,,,,,
,717,37,1,,,config_coinc_19042013,,New DUT...,,,,,,,
,718,37,1,,,config_coinc_19042013,,New DUT...,,,,,,,
,719,37,1,,,config_coinc_19042013,,New DUT...,,,,,,,
,720,37,1,,,config_coinc_19042013,,New DUT...,,,,,,,
,721,37,1,,,config_coinc_19042013,,New DUT...,,,,,,,
,722,37,1,,,config_coinc_19042013,,New DUT...,,,,,,,
,723,37,1,,,config_coinc_19042013,,New DUT...,,,,,,,
,724,37,1,,,config_coinc_19042013,,New DUT...,,,,,,,
,725,37,1,,,config_coinc_19042013,,New DUT...,,,,,,,
,726,37,1,,,config_coinc_19042013,,New DUT...,,,,,,,
,727,37,1,,,config_coinc_19042013,,New DUT...,,,,,,,
,728,37,1,,,config_coinc_19042013,,New DUT...,,,,,,,
,729,37,1,,,config_coinc_19042013,,New DUT...,,,,,,,
,730,37,1,,,config_coinc_19042013,,New DUT...,,,,,,,
,731,37,1,,,config_coinc_19042013,,New DUT...,,,,,,,
,732,37,1,,,config_coinc_19042013,,New DUT...,,,,,,,
,733,37,1,,,config_coinc_19042013,,New DUT...,,,,,,,
,734,37,1,,,config_coinc_19042013,,New DUT...,,,,,,,
,735,37,1,,,config_coinc_19042013,,New DUT...,,,,,,,
,736,37,1,,,config_coinc_19042013,,New DUT...,,,,,,,
,737,37,1,,,config_coinc_19042013,,New DUT...,,,,,,,
,738,37,1,,,config_coinc_19042013,,New DUT...,,,,,,,
,739,37,1,,,config_coinc_19042013,,New DUT...,,,,,,,
,740,37,1,,,config_coinc_19042013,,New DUT...,,,,,,,
,741,37,1,,,config_coinc_19042013,,New DUT...,,,,,,,
,742,37,1,,,config_coinc_19042013,,New DUT...,,,,,,,
,743,37,1,,,config_coinc_19042013,,New DUT...,,,,,,,
,744,37,1,,,config_coinc_19042013,,New DUT...,,,,,,,
,745,37,1,,,config_coinc_19042013,,New DUT...,,,,,,,
,746,37,1,,,config_coinc_19042013,,New DUT...,,,,,,,
,747,37,1,,,config_coinc_19042013,,New DUT...,,,,,,,
,748,37,1,,,config_coinc_19042013,,New DUT...,,,,,,,
,749,37,1,,,config_coinc_19042013,,New DUT...,,,,,,,
,750,37,1,,,config_coinc_19042013,,New DUT...,,,,,,,
,751,37,1,,,config_coinc_19042013,,New DUT...,,,,,,,
,752,37,1,,,config_coinc_19042013,,New DUT...,,,,,,,
,753,37,1,,,config_coinc_19042013,,New DUT...,,,,,,,
,756,,4,,,,12,,,,,,,,
,757,,4,,,,12,,,,,,,,
,758,,4,,,,12,,,,,,,,
,759,,1,,,,12,,,,,,,,
,762,,1,,,,12,,,,,,,,
,764,,4,,,,12,,,,,,,,
,765,,4,,,,12,,,,,,,,
,766,,4,,,,12,,,,,,,,
,767,,4,,,,12,,,,,,,,
,769,,1,,,,12,,,,,,,,
,770,,1,,,,12,,,,,,,,
,772,,4,,,,12,,,,,,,,
,773,,4,,,,12,,,,,,,,
,774,,1,,,,12,,,,,,,,
,775,,4,,,,12,,,,,,,,
,779,,1,,,,12,,,,,,,,
,780,,1,,,,12,,,,,,,,
,781,,4,,,,12,,,,,,,,
,782,,4,,,,12,,,,,,,,
,783,,4,,,,12,,,,,,,,
,784,,1,,,,12,,,,,,,,
,785,,1,,,,12,,,,,,,,
,786,,4,,,,12,,,,,,,,
,787,,1,,,,12,,,,,,,,
,788,,1,,,,12,,,,,,,,
,789,,4,,,,12,,,,,,,,
,790,,1,,,,12,,,,,,,,
,791,,4,,,,12,,,,,,,,
,792,,4,,,,12,,,,,,,,
,793,,1,,,,12,,,,,,,,
,794,,4,,,,12,,,,,,,,
,796,,4,,,,12,,,,,,,,
,805,,5,,,,,,,,,,,,
,806,,5,,,,,,,,,,,,
,807,,5,,,,,,,,,,,,
,808,,5,,,,,,,,,,,,
,809,,5,,,,,,,,,,,,
,810,,5,,,,,,,,,,,,
,811,,2,,,,,,,,,,,,
,812,,2,,,,,,,,,,,,
,813,,2,,,,,,,,,,,,
,814,,2,,,,,,,,,,,,
,815,,2,,,,,,,,,,,,
,816,,2,,,,,,,,,,,,
,817,,2,,,,,,,,,,,,
,818,,2,,,,,,,,,,,,
,819,,2,,,,,,,,,,,,
,820,,2,,,,,,,,,,,,
,821,,2,,,,,,,,,,,,
,822,,2,,,,,,,,,,,,
,823,,2,,,,,,,,,,,,
,824,,2,,,,,,,,,,,,
,825,,2,,,,,,,,,,,,
,826,,5,,,,,,,,,,,,
,827,,5,,,,,,,,,,,,
,828,,5,,,,,,,,,,,,
,829,,5,,,,,,,,,,,,
,830,,5,,,,,,,,,,,,
,831,,5,,,,,,,,,,,,
,832,,5,,,,,,,,,,,,
,833,,5,,,,,,,,,,,,
,834,,5,,,,,,,,,,,,
,835,,5,,,,,,,,,,,,
,836,,5,,,,,,,,,,,,
,837,,5,,,,,,,,,,,,
,838,,5,,,,,,,,,,,,
,839,,5,,,,,,,,,,,,
,840,,5,,,,,,,,,,,,
,841,,5,,,,,,,,,,,,
,842,,5,,,,,,,,,,,,
,843,,5,,,,,,,,,,,,
,844,,5,,,,,,,,,,,,
,845,,5,,,,,,,,,,,,
,846,,5,,,,,,,,,,,,
,847,,5,,,,,,,,,,,,
,848,,5,,,,,,,,,,,,
,849,,5,,,,,,,,,,,,
,850,,5,,,,,,,,,,,,
,851,,5,,,,,,,,,,,,
,852,,5,,,,,,,,,,,,
,853,,5,,,,,,,,,,,,
,854,,5,,,,,,,,,,,,
,855,,5,,,,,,,,,,,,
,856,,5,,,,,,,,,,,,
,857,,5,,,,,,,,,,,,
,858,,5,,,,,,,,,,,,
,859,,5,,,,,,,,,,,,
,860,,2,,,,,,,,,,,,
,861,,2,,,,,,,,,,,,
,862,,2,,,,,,,,,,,,
,863,,2,,,,,,,,,,,,
,864,,2,,,,,,,,,,,,
,865,,2,,,,,,,,,,,,
,866,,2,,,,,,,,,,,,
,867,,2,,,,,,,,,,,,
,868,,2,,,,,,,,,,,,
,869,,2,,,,,,,,,,,,
,870,,2,,,,,,,,,,,,
,871,,2,,,,,,,,,,,,
,872,,2,,,,,,,,,,,,
,873,,2,,,,,,,,,,,,
,874,,2,,,,,,,,,,,,
,875,,2,,,,,,,,,,,,
,876,,2,,,,,,,,,,,,
,877,,2,,,,,,,,,,,,
,878,,2,,,,,,,,,,,,
,879,,2,,,,,,,,,,,,
,880,,2,,,,,,,,,,,,
,881,,2,,,,,,,,,,,,
,883,,5,,,,,,,,,,,,
,884,,5,,,,,,,,,,,,
,885,,5,,,,,,,,,,,,
,886,,0,,,,,,,,,,,,
,887,,0,,,,,,,,,,,,
,934,,,,,,,,,,,,,,
,935,,,,,,,,,,,,,,
,936,,,,,,,,,,,,,,
,2003,179.52,4.8,107922,,,7,Copper,1mm,,,10x10,gear_10092013.xml,0.82,10/9/2013
,2004,179.52,4.8,104991,,,7,Copper,1mm,,,10x10,gear_10092013.xml,0.82,10/9/2013
,2005,179.52,4.8,102621,,,7,Copper,1mm,,,10x10,gear_10092013.xml,0.82,10/9/2013
,2006,179.52,4.8,104497,,,7,Copper,1mm,,,10x10,gear_10092013.xml,0.82,10/9/2013
,2007,179.52,4.8,105182,,,7,Copper,1mm,,,10x10,gear_10092013.xml,0.82,10/9/2013
,2008,179.52,4.8,105764,,,7,Copper,1mm,,,10x10,gear_10092013.xml,0.82,10/9/2013
,2009,179.52,4.8,103376,,,7,Copper,1mm,,,10x10,gear_10092013.xml,0.82,10/9/2013
,2010,179.52,4.8,103878,,,7,Copper,1mm,,,10x10,gear_10092013.xml,0.82,10/9/2013
,2011,179.52,4.8,103276,,,7,Copper,1mm,,,10x10,gear_10092013.xml,0.82,10/9/2013
,2012,179.52,4.8,103425,,,7,Copper,1mm,,,10x10,gear_10092013.xml,0.82,10/9/2013
,2013,179.52,4.8,103002,,,7,Copper,1mm,,,10x10,gear_10092013.xml,0.82,10/9/2013
,2015,172.04,4.6,99019,,,7,Copper,1mm,,,10x10,gear_10092013.xml,0.82,10/9/2013
,2016,172.04,4.6,97865,,,7,Copper,1mm,,,10x10,gear_10092013.xml,0.82,10/9/2013
,2017,172.04,4.6,99971,,,7,Copper,1mm,,,10x10,gear_10092013.xml,0.82,10/9/2013
,2018,172.04,4.6,98908,,,7,Copper,1mm,,,10x10,gear_10092013.xml,0.82,10/9/2013
,2019,172.04,4.6,100020,,,7,Copper,1mm,,,10x10,gear_10092013.xml,0.82,10/9/2013
,2020,172.04,4.6,100487,,,7,Copper,1mm,,,10x10,gear_10092013.xml,0.82,10/9/2013
,2021,172.04,4.6,99868,,,7,Copper,1mm,,,10x10,gear_10092013.xml,0.82,10/9/2013
,2022,172.04,4.6,99561,,,7,Copper,1mm,,,10x10,gear_10092013.xml,0.82,10/9/2013
,2023,172.04,4.6,100937,,,7,Copper,1mm,,,10x10,gear_10092013.xml,0.82,10/9/2013
,2024,172.04,4.6,100833,,,7,Copper,1mm,,,10x10,gear_10092013.xml,0.82,10/9/2013
,2025,172.04,4.6,100715,,,7,Copper,1mm,,,10x10,gear_10092013.xml,0.82,10/9/2013
,2026,172.04,4.6,100809,,,7,Copper,1mm,,,10x10,gear_10092013.xml,0.82,10/9/2013
,2027,172.04,4.6,99608,,,7,Copper,1mm,,,10x10,gear_10092013.xml,0.82,10/9/2013
,2028,172.04,4.6,99289,,,7,Copper,1mm,,,10x10,gear_10092013.xml,0.82,10/9/2013
,2029,172.04,4.6,99828,,,7,Copper,1mm,,,10x10,gear_10092013.xml,0.82,10/9/2013
,2030,172.04,4.6,0,,,7,Copper,1mm,,,10x10,gear_10092013.xml,0.82,10/9/2013
,2031,164.56,4.4,97526,,,7,Copper,1mm,,,10x10,gear_10092013.xml,0.82,10/9/2013
,2032,164.56,4.4,96086,,,7,Copper,1mm,,,10x10,gear_10092013.xml,0.82,10/9/2013
,2033,164.56,4.4,86799,,,7,Copper,1mm,,,10x10,gear_10092013.xml,0.82,10/9/2013
,2034,164.56,4.4,95999,,,7,Copper,1mm,,,10x10,gear_10092013.xml,0.82,10/9/2013
,2035,164.56,4.4,94817,,,7,Copper,1mm,,,10x10,gear_10092013.xml,0.82,10/9/2013
,2036,164.56,4.4,96241,,,7,Copper,1mm,,,10x10,gear_10092013.xml,0.82,10/9/2013
,2037,164.56,4.4,96378,,,7,Copper,1mm,,,10x10,gear_10092013.xml,0.82,10/9/2013
,2038,164.56,4.4,97271,,,7,Copper,1mm,,,10x10,gear_10092013.xml,0.82,10/9/2013
,2039,164.56,4.4,96309,,,7,Copper,1mm,,,10x10,gear_10092013.xml,0.82,10/9/2013
,2040,164.56,4.4,95553,,,7,Copper,1mm,,,10x10,gear_10092013.xml,0.82,10/9/2013
,2041,164.56,4.4,95410,,,7,Copper,1mm,,,10x10,gear_10092013.xml,0.82,10/9/2013
,2042,164.56,4.4,83810,,,7,Copper,1mm,,,10x10,gear_10092013.xml,0.82,10/9/2013
,2043,157.08,4.2,93081,,,7,Copper,1mm,,,10x10,gear_10092013.xml,0.82,10/9/2013
,2044,157.08,4.2,93098,,,7,Copper,1mm,,,10x10,gear_10092013.xml,0.82,10/9/2013
,2045,157.08,4.2,92184,,,7,Copper,1mm,,,10x10,gear_10092013.xml,0.82,10/9/2013
,2046,157.08,4.2,92709,,,7,Copper,1mm,,,10x10,gear_10092013.xml,0.82,10/9/2013
,2047,157.08,4.2,92548,,,7,Copper,1mm,,,10x10,gear_10092013.xml,0.82,10/9/2013
,2048,157.08,4.2,92618,,,7,Copper,1mm,,,10x10,gear_10092013.xml,0.82,10/9/2013
,2049,157.08,4.2,92552,,,7,Copper,1mm,,,10x10,gear_10092013.xml,0.82,10/9/2013
,2050,157.08,4.2,92528,,,7,Copper,1mm,,,10x10,gear_10092013.xml,0.82,10/9/2013
,2051,157.08,4.2,92783,,,7,Copper,1mm,,,10x10,gear_10092013.xml,0.82,10/9/2013
,2052,157.08,4.2,79471,,,7,Copper,1mm,,,10x10,gear_10092013.xml,0.82,10/9/2013
,2053,149.6,4,91553,,,7,Copper,1mm,,,10x10,gear_10092013.xml,0.82,10/9/2013
,2054,149.6,4,90568,,,7,Copper,1mm,,,10x10,gear_10092013.xml,0.82,10/9/2013
,2055,149.6,4,101535,,,7,Copper,1mm,,,10x10,gear_10092013.xml,0.82,10/9/2013
,2056,149.6,4,115994,,,7,Copper,1mm,,,10x10,gear_10092013.xml,0.82,10/9/2013
,2057,149.6,4,116159,,,7,Copper,1mm,,,10x10,gear_10092013.xml,0.82,10/9/2013
,2058,149.6,4,116472,,,7,Copper,1mm,,,10x10,gear_10092013.xml,0.82,10/9/2013
,2059,149.6,4,119109,,,7,Copper,1mm,,,10x10,gear_10092013.xml,0.82,10/9/2013
,2060,149.6,4,114306,,,7,Copper,1mm,,,10x10,gear_10092013.xml,0.82,10/9/2013
,2061,149.6,4,114695,,,7,Copper,1mm,,,10x10,gear_10092013.xml,0.82,10/9/2013
,2062,149.6,4,80779,,,7,Copper,1mm,,,10x10,gear_10092013.xml,0.82,10/9/2013
,2063,112.2,3,,,,7,Copper,1mm,,,10x10,gear_10092013.xml,0.82,10/9/2013
,2064,112.2,3,,,,7,Copper,1mm,,,10x10,gear_10092013.xml,0.82,10/9/2013
,2065,112.2,3,,,,7,Copper,1mm,,,10x10,gear_10092013.xml,0.82,10/9/2013
,2066,112.2,3,,,,7,Copper,1mm,,,10x10,gear_10092013.xml,0.82,10/9/2013
,2067,112.2,3,,,,7,Copper,1mm,,,10x10,gear_10092013.xml,0.82,10/9/2013
,2068,112.2,3,,,,7,Copper,1mm,,,10x10,gear_10092013.xml,0.82,10/9/2013
,2069,112.2,3,,,,7,Copper,1mm,,,10x10,gear_10092013.xml,0.82,10/9/2013
,2070,112.2,3,,,,7,Copper,1mm,,,10x10,gear_10092013.xml,0.82,10/9/2013
,2071,112.2,3,,,,7,Copper,1mm,,,10x10,gear_10092013.xml,0.82,10/9/2013
,2072,112.2,3,,,,7,Copper,1mm,,,10x10,gear_10092013.xml,0.82,10/9/2013
,2073,112.2,3,,,,7,Copper,1mm,,,10x10,gear_10092013.xml,0.82,10/9/2013
,2074,112.2,3,,,,7,Copper,1mm,,,10x10,gear_10092013.xml,0.82,10/9/2013
,2075,112.2,3,,,,7,Copper,1mm,,,10x10,gear_10092013.xml,0.82,10/9/2013
,2076,112.2,3,,,,7,Copper,1mm,,,10x10,gear_10092013.xml,0.82,10/9/2013
,2077,112.2,3,,,,7,Copper,1mm,,,10x10,gear_10092013.xml,0.82,10/9/2013
,2078,112.2,3,,,,7,Copper,1mm,,,10x10,gear_10092013.xml,0.82,10/9/2013
,2079,112.2,3,,,,7,Copper,1mm,,,10x10,gear_10092013.xml,0.82,10/9/2013
,2081,74.8,2,,,,7,Copper,1mm,,,10x10,gear_10092013.xml,0.82,10/9/2013
,2082,74.8,2,,,,7,Copper,1mm,,,10x10,gear_10092013.xml,0.82,10/9/2013
,2083,74.8,2,,,,7,Copper,1mm,,,10x10,gear_10092013.xml,0.82,10/9/2013
,2084,74.8,2,,,,7,Copper,1mm,,,10x10,gear_10092013.xml,0.82,10/9/2013
,2085,74.8,2,,,,7,Copper,1mm,,,10x10,gear_10092013.xml,0.82,10/9/2013
,2086,74.8,2,,,,7,Copper,1mm,,,10x10,gear_10092013.xml,0.82,10/9/2013
,2087,74.8,2,,,,7,Copper,1mm,,,10x10,gear_10092013.xml,0.82,10/9/2013
,2088,74.8,2,,,,7,Copper,1mm,,,10x10,gear_10092013.xml,0.82,10/9/2013
,2089,74.8,2,,,,7,Copper,1mm,,,10x10,gear_10092013.xml,0.82,10/9/2013
,2090,74.8,2,,,,7,Copper,1mm,,,10x10,gear_10092013.xml,0.82,10/9/2013
,2091,74.8,2,,,,7,Copper,1mm,,,10x10,gear_10092013.xml,0.82,10/9/2013
,2092,37.4,1,,,,7,Copper,1mm,,,10x10,gear_10092013.xml,0.82,10/9/2013
,2093,37.4,1,,,,7,Copper,1mm,,,10x10,gear_10092013.xml,0.82,10/9/2013
,2094,37.4,1,,,,7,Copper,1mm,,,10x10,gear_10092013.xml,0.82,10/9/2013
,2095,37.4,1,,,,7,Copper,1mm,,,10x10,gear_10092013.xml,0.82,10/9/2013
,2096,37.4,1,,,,7,Copper,1mm,,,10x10,gear_10092013.xml,0.82,10/9/2013
,2097,37.4,1,,,,7,Copper,1mm,,,10x10,gear_10092013.xml,0.82,10/9/2013
,2098,37.4,1,,,,7,Copper,1mm,,,10x10,gear_10092013.xml,0.82,10/9/2013
,2099,37.4,1,,,,7,Copper,1mm,,,10x10,gear_10092013.xml,0.82,10/9/2013
,2100,37.4,1,,,,7,Copper,1mm,,,10x10,gear_10092013.xml,0.82,10/9/2013
,2101,187,5,,,,7,Copper,2mm,,,10x10,?,?,11/9/2013
,2102,187,5,,,,7,Copper,2mm,,,10x10,?,?,11/9/2013
,2103,187,5,,,,7,Copper,2mm,,,,,,
,2104,187,5,,,,7,Copper,2mm,,,,,,
,2105,187,5,,,,7,Copper,2mm,,,,,,
,2106,187,5,,,,7,Copper,2mm,,,,,,
,2107,187,5,,,,7,Copper,2mm,,,,,,
,2108,187,5,,,,7,Copper,2mm,,,,,,
,2109,187,5,,,,7,Copper,2mm,,,,,,
,2110,187,5,,,,7,Copper,2mm,,,,,,
,2111,149.6,4,,,,7,Copper,2mm,,,,,,
,2112,149.6,4,,,,7,Copper,2mm,,,,,,
,2113,149.6,4,,,,7,Copper,2mm,,,,,,
,2114,149.6,4,,,,7,Copper,2mm,,,,,,
,2115,149.6,4,,,,7,Copper,2mm,,,,,,
,2116,149.6,4,,,,7,Copper,2mm,,,,,,
,2117,149.6,4,,,,7,Copper,2mm,,,,,,
,2118,149.6,4,,,,7,Copper,2mm,,,,,,
,2119,149.6,4,,,,7,Copper,2mm,,,,,,
,2120,149.6,4,,,,7,Copper,2mm,,,,,,
,2121,149.6,4,,,,7,Copper,2mm,,,,,,
,2122,149.6,4,,,,7,Copper,2mm,,,,,,
,2123,149.6,4,,,,7,Copper,2mm,,,,,,
,2124,149.6,4,,,,7,Copper,2mm,,,,,,
,2125,149.6,4,,,,7,Copper,2mm,,,,,,
,2126,149.6,4,,,,7,Copper,2mm,,,,,,
,2127,149.6,4,,,,7,Copper,2mm,,,,,,
,2128,149.6,4,,,,7,Copper,2mm,,,,,,
,2129,149.6,4,,,,7,Copper,2mm,,,,,,
,2130,149.6,4,,,,7,Copper,2mm,,,,,,
,2131,149.6,4,,,,7,Copper,2mm,,,,,,
,2132,149.6,4,,,,7,Copper,2mm,,,,,,
,2133,149.6,4,,,,7,Copper,2mm,,,,,,
,2134,149.6,4,,,,7,Copper,2mm,,,,,,
,2135,149.6,4,,,,7,Copper,2mm,,,,,,
,2136,149.6,4,,,,7,Copper,2mm,,,,,,
,2137,149.6,4,,,,7,Copper,2mm,,,,,,
,2138,149.6,4,,,,7,Copper,2mm,,,,,,
,2139,149.6,4,,,,7,Copper,2mm,,,,,,
,2141,112.2,3,,,,7,Copper,2mm,,,,,,
,2142,112.2,3,,,,7,Copper,2mm,,,,,,
,2143,112.2,3,,,,7,Copper,2mm,,,,,,
,2144,112.2,3,,,,7,Copper,2mm,,,,,,
,2145,112.2,3,,,,7,Copper,2mm,,,,,,
,2146,112.2,3,,,,7,Copper,2mm,,,,,,
,2147,112.2,3,,,,7,Copper,2mm,,,,,,
,2148,112.2,3,,,,7,Copper,2mm,,,,,,
,2149,112.2,3,,,,7,Copper,2mm,,,,,,
,2150,112.2,3,,,,7,Copper,2mm,,,,,,
,2151,112.2,3,,,,7,Copper,2mm,,,,,,
,2152,112.2,3,,,,7,Copper,2mm,,,,,,
,2153,112.2,3,,,,7,Copper,2mm,,,,,,
,2154,112.2,3,,,,7,Copper,2mm,,,,,,
,2155,112.2,3,,,,7,Copper,2mm,,,,,,
,2156,112.2,3,,,,7,Copper,2mm,,,,,,
,2157,112.2,3,,,,7,Copper,2mm,,,,,,
,2158,74.8,2,,,,7,Copper,2mm,,,,,,
,2159,74.8,2,,,,7,Copper,2mm,,,,,,
,2160,74.8,2,,,,7,Copper,2mm,,,,,,
,2162,74.8,2,,,,7,Copper,2mm,,,,,,
,2163,74.8,2,,,,7,Copper,2mm,,,,,,
,2164,74.8,2,,,,7,Copper,2mm,,,,,,
,2165,74.8,2,,,,7,Copper,2mm,,,,,,
,2166,74.8,2,,,,7,Copper,2mm,,,,,,
,2167,74.8,2,,,,7,Copper,2mm,,,,,,
,2168,74.8,2,,,,7,Copper,2mm,,,,,,
,2169,74.8,2,,,,7,Copper,2mm,,,,,,
,2170,74.8,2,,,,7,Copper,2mm,,,,,,
,2171,74.8,2,,,,7,Copper,2mm,,,,,,
,2172,74.8,2,,,,7,Copper,2mm,,,,,,
,2173,74.8,2,,,,7,Copper,2mm,,,,,,
,2174,74.8,2,,,,7,Copper,2mm,,,,,,
,2175,0,0,Noise Test,,,7,Copper,2mm,,,,,,
,2176,37.4,1,,,,7,Copper,2mm,,,,,,
,2178,37.4,1,,,,7,Copper,2mm,,,,,,
,2179,37.4,1,,,,7,Copper,2mm,,,,,,
,2180,37.4,1,,,,7,Copper,2mm,,,,,,
,2181,37.4,1,,,,7,Copper,2mm,,,,,,
,2182,37.4,1,,,,7,Copper,2mm,,,,,,
,2183,37.4,1,,,,7,Copper,2mm,,,,,,
,2184,37.4,1,,,,7,Copper,2mm,,,,,,
,2185,37.4,1,,,,7,Copper,2mm,,,,,,
,2186,37.4,1,,,,7,Copper,2mm,,,,,,
,2187,37.4,1,,,,7,Copper,2mm,,,,,,
,2188,37.4,1,,,,7,Copper,2mm,,,,,,
,2189,37.4,1,,,,7,2 Copper and 1 Aluminium,3mm total,,,,,,
,2190,37.4,1,,,,7,2 Copper and 1 Aluminium,3mm total,,,,,,
,2191,37.4,1,,,,7,2 Copper and 1 Aluminium,3mm total,,,,,,
,2192,37.4,1,,,,7,2 Copper and 1 Aluminium,3mm total,,,,,,
,2193,37.4,1,,,,7,2 Copper and 1 Aluminium,3mm total,,,,,,
,2194,37.4,1,,,,7,2 Copper and 1 Aluminium,3mm total,,,,,,
,2195,37.4,1,,,,7,2 Copper and 1 Aluminium,3mm total,,,,,,
,2196,37.4,1,,,,7,2 Copper and 1 Aluminium,3mm total,,,,,,
,2197,37.4,1,,,,7,2 Copper and 1 Aluminium,3mm total,,,,,,
,2198,74.8,2,,,,7,2 Copper and 1 Aluminium,3mm total,,,,,,
,2199,74.8,2,,,,7,2 Copper and 1 Aluminium,3mm total,,,,,,
,2200,74.8,2,,,,7,2 Copper and 1 Aluminium,3mm total,,,,,,
,2201,74.8,2,,,,7,2 Copper and 1 Aluminium,3mm total,,,,,,
,2202,74.8,2,,,,7,2 Copper and 1 Aluminium,3mm total,,,,,,
,2204,187,5,,,,7,2 Copper and 1 Aluminium,3mm total,,,,,,
,2205,187,5,Alignment Run,,,7,No DUT,0,,,,,,
